CODIGO_UNICO;CODIGO_IES_NUM;COD_SEDE;COD_CARRERA_DERIVADO;JORNADA;VERSION_DERIVADA;NOMBRE_CARRERA_ORIGINAL;NOMBRE_CARRERA_NORMALIZADO;MODALIDAD_ORIGINAL;TIPO_PLAN_CARRERA_ORIGINAL;CARACT_PLAN_ESPECIAL_ORIGINAL;NIVEL_GLOBAL;NIVEL_CARRERA;VIGENCIA;ESTADO_CRUCE_INDICES;MOTIVO_ESTADO_CRUCE;FUENTE;REVISADO_MANUALMENTE;OBSERVACION_AUDITORIA;Sede;Tipo de Carrera;Nombre;Mención o Especialidad;Año de inicio de Actividades;Campus;Horario;Estado;Tipo Programa;Detalle del Tipo de Programa (especiales);Modalidad del Programa;Área del Conocimiento;Sub Área;Carrera Genérica;Título que otorga el programa;Grado Académico que otorga el programa;Dependencia;Régimen;Duración del Programa en Semestres;Ingreso Directo;Ingreso desde un plan Común;Ingreso desde Bachillerato;Otro Tipo de Ingreso;Ingreso otro;Observaciones
I162S2C101J4V1;162;2;101;4;1;DIPLOMADO EN SALUD FAMILIAR CON ENFOQUE COMUNITARIO;DIPLOMADO EN SALUD FAMILIAR CON ENFOQUE COMUNITARIO;3;1;NO APLICA;3;5;1;FALTA_CREAR_EN_INDICES;No existe coincidencia exacta por CODIGO_UNICO ni match auxiliar fuerte;PROMEDIOSDEALUMNOS_7804.xlsx / hoja matriz;NO;"Crear según PROMEDIOSDEALUMNOS_7804.xlsx hoja matriz; no encontrado en listado existente INDICES por CODIGO_UNICO.";Santiago;Diplomado;DIPLOMADO EN SALUD FAMILIAR CON ENFOQUE COMUNITARIO;REVISAR;REVISAR;República;Otro;Programa o Carrera Nueva(o);Programa Regular;No aplica;No presencial;REVISAR;REVISAR;REVISAR;REVISAR;REVISAR;REVISAR;REVISAR;1;REVISAR;REVISAR;REVISAR;REVISAR;REVISAR;"Crear según matriz PROMEDIOSDEALUMNOS_7804.xlsx / hoja matriz; no encontrado en listado existente INDICES por CODIGO_UNICO."
I162S2C102J4V1;162;2;102;4;1;DIPLOMADO SALUD CON FOCO EN MIGRACION;DIPLOMADO SALUD CON FOCO EN MIGRACION;3;1;NO APLICA;3;5;1;FALTA_CREAR_EN_INDICES;No existe coincidencia exacta por CODIGO_UNICO ni match auxiliar fuerte;PROMEDIOSDEALUMNOS_7804.xlsx / hoja matriz;NO;"Crear según PROMEDIOSDEALUMNOS_7804.xlsx hoja matriz; no encontrado en listado existente INDICES por CODIGO_UNICO.";Santiago;Diplomado;DIPLOMADO SALUD CON FOCO EN MIGRACION;REVISAR;REVISAR;República;Otro;Programa o Carrera Nueva(o);Programa Regular;No aplica;No presencial;REVISAR;REVISAR;REVISAR;REVISAR;REVISAR;REVISAR;REVISAR;1;REVISAR;REVISAR;REVISAR;REVISAR;REVISAR;"Crear según matriz PROMEDIOSDEALUMNOS_7804.xlsx / hoja matriz; no encontrado en listado existente INDICES por CODIGO_UNICO."
I162S2C103J4V1;162;2;103;4;1;DIPLOMADO ABORDAJE INTEGRAL DE LA VIOLENCIA DE GENERO EN ATENCION PRIMARIA DE SALUD;DIPLOMADO ABORDAJE INTEGRAL DE LA VIOLENCIA DE GENERO EN ATENCION PRIMARIA DE SALUD;3;1;NO APLICA;3;5;1;FALTA_CREAR_EN_INDICES;No existe coincidencia exacta por CODIGO_UNICO ni match auxiliar fuerte;PROMEDIOSDEALUMNOS_7804.xlsx / hoja matriz;NO;"Crear según PROMEDIOSDEALUMNOS_7804.xlsx hoja matriz; no encontrado en listado existente INDICES por CODIGO_UNICO.";Santiago;Diplomado;DIPLOMADO ABORDAJE INTEGRAL DE LA VIOLENCIA DE GENERO EN ATENCION PRIMARIA DE SALUD;REVISAR;REVISAR;República;Otro;Programa o Carrera Nueva(o);Programa Regular;No aplica;No presencial;REVISAR;REVISAR;REVISAR;REVISAR;REVISAR;REVISAR;REVISAR;1;REVISAR;REVISAR;REVISAR;REVISAR;REVISAR;"Crear según matriz PROMEDIOSDEALUMNOS_7804.xlsx / hoja matriz; no encontrado en listado existente INDICES por CODIGO_UNICO."
I162S2C104J4V1;162;2;104;4;1;DIPLOMADO EN INNOVACION PARA LA DOCENCIA;DIPLOMADO EN INNOVACION PARA LA DOCENCIA;3;1;NO APLICA;3;5;1;FALTA_CREAR_EN_INDICES;No existe coincidencia exacta por CODIGO_UNICO ni match auxiliar fuerte;PROMEDIOSDEALUMNOS_7804.xlsx / hoja matriz;NO;"Crear según PROMEDIOSDEALUMNOS_7804.xlsx hoja matriz; no encontrado en listado existente INDICES por CODIGO_UNICO.";Santiago;Diplomado;DIPLOMADO EN INNOVACION PARA LA DOCENCIA;REVISAR;REVISAR;República;Otro;Programa o Carrera Nueva(o);Programa Regular;No aplica;No presencial;REVISAR;REVISAR;REVISAR;REVISAR;REVISAR;REVISAR;REVISAR;1;REVISAR;REVISAR;REVISAR;REVISAR;REVISAR;"Crear según matriz PROMEDIOSDEALUMNOS_7804.xlsx / hoja matriz; no encontrado en listado existente INDICES por CODIGO_UNICO."
I162S2C105J4V1;162;2;105;4;1;DIPLOMADO EN HUMANIZACION EN SALUD;DIPLOMADO EN HUMANIZACION EN SALUD;3;1;NO APLICA;3;5;1;FALTA_CREAR_EN_INDICES;No existe coincidencia exacta por CODIGO_UNICO ni match auxiliar fuerte;PROMEDIOSDEALUMNOS_7804.xlsx / hoja matriz;NO;"Crear según PROMEDIOSDEALUMNOS_7804.xlsx hoja matriz; no encontrado en listado existente INDICES por CODIGO_UNICO.";Santiago;Diplomado;DIPLOMADO EN HUMANIZACION EN SALUD;REVISAR;REVISAR;República;Otro;Programa o Carrera Nueva(o);Programa Regular;No aplica;No presencial;REVISAR;REVISAR;REVISAR;REVISAR;REVISAR;REVISAR;REVISAR;1;REVISAR;REVISAR;REVISAR;REVISAR;REVISAR;"Crear según matriz PROMEDIOSDEALUMNOS_7804.xlsx / hoja matriz; no encontrado en listado existente INDICES por CODIGO_UNICO."
I162S2C10J1V1;162;2;10;1;1;TECNICO EN PREVENCION DE RIESGOS;TECNICO EN PREVENCION DE RIESGOS;1;1;NO APLICA;1;1;1;FALTA_CREAR_EN_INDICES;No existe coincidencia exacta por CODIGO_UNICO ni match auxiliar fuerte;PROMEDIOSDEALUMNOS_7804.xlsx / hoja matriz;NO;"Crear según PROMEDIOSDEALUMNOS_7804.xlsx hoja matriz; no encontrado en listado existente INDICES por CODIGO_UNICO.";Santiago;Técnico Nivel Superior;TECNICO EN PREVENCION DE RIESGOS;REVISAR;REVISAR;República;Diurno;Programa o Carrera Nueva(o);Programa Regular;No aplica;Presencial;REVISAR;REVISAR;REVISAR;REVISAR;REVISAR;REVISAR;REVISAR;5;REVISAR;REVISAR;REVISAR;REVISAR;REVISAR;"Crear según matriz PROMEDIOSDEALUMNOS_7804.xlsx / hoja matriz; no encontrado en listado existente INDICES por CODIGO_UNICO."
I162S2C10J4V1;162;2;10;4;1;TECNICO EN PREVENCION DE RIESGOS;TECNICO EN PREVENCION DE RIESGOS;3;1;NO APLICA;1;1;1;FALTA_CREAR_EN_INDICES;No existe coincidencia exacta por CODIGO_UNICO ni match auxiliar fuerte;PROMEDIOSDEALUMNOS_7804.xlsx / hoja matriz;NO;"Crear según PROMEDIOSDEALUMNOS_7804.xlsx hoja matriz; no encontrado en listado existente INDICES por CODIGO_UNICO.";Santiago;Técnico Nivel Superior;TECNICO EN PREVENCION DE RIESGOS;REVISAR;REVISAR;República;Otro;Programa o Carrera Nueva(o);Programa Regular;No aplica;No presencial;REVISAR;REVISAR;REVISAR;REVISAR;REVISAR;REVISAR;REVISAR;5;REVISAR;REVISAR;REVISAR;REVISAR;REVISAR;"Crear según matriz PROMEDIOSDEALUMNOS_7804.xlsx / hoja matriz; no encontrado en listado existente INDICES por CODIGO_UNICO."
I162S2C111J4V1;162;2;111;4;1;INGENIERIA EN FINANZAS;INGENIERIA EN FINANZAS;3;1;NO APLICA;1;2;1;FALTA_CREAR_EN_INDICES;No existe coincidencia exacta por CODIGO_UNICO ni match auxiliar fuerte;PROMEDIOSDEALUMNOS_7804.xlsx / hoja matriz;NO;"Crear según PROMEDIOSDEALUMNOS_7804.xlsx hoja matriz; no encontrado en listado existente INDICES por CODIGO_UNICO.";Santiago;Profesional;INGENIERIA EN FINANZAS;REVISAR;REVISAR;República;Otro;Programa o Carrera Nueva(o);Programa Regular;No aplica;No presencial;REVISAR;REVISAR;REVISAR;REVISAR;REVISAR;REVISAR;REVISAR;8;REVISAR;REVISAR;REVISAR;REVISAR;REVISAR;"Crear según matriz PROMEDIOSDEALUMNOS_7804.xlsx / hoja matriz; no encontrado en listado existente INDICES por CODIGO_UNICO."
I162S2C111J4V2;162;2;111;4;2;INGENIERIA EN FINANZAS;INGENIERIA EN FINANZAS;3;3;NO APLICA;1;2;1;FALTA_CREAR_EN_INDICES;No existe coincidencia exacta por CODIGO_UNICO ni match auxiliar fuerte;PROMEDIOSDEALUMNOS_7804.xlsx / hoja matriz;NO;"Crear según PROMEDIOSDEALUMNOS_7804.xlsx hoja matriz; no encontrado en listado existente INDICES por CODIGO_UNICO.";Santiago;Profesional;INGENIERIA EN FINANZAS;REVISAR;REVISAR;República;Otro;Programa o Carrera Nueva(o);Programa Especial;REVISAR;No presencial;REVISAR;REVISAR;REVISAR;REVISAR;REVISAR;REVISAR;REVISAR;4;REVISAR;REVISAR;REVISAR;REVISAR;REVISAR;"Crear según matriz PROMEDIOSDEALUMNOS_7804.xlsx / hoja matriz; no encontrado en listado existente INDICES por CODIGO_UNICO."
I162S2C112J4V1;162;2;112;4;1;INGENIERIA EN MARKETING DIGITAL;INGENIERIA EN MARKETING DIGITAL;3;1;NO APLICA;1;2;1;FALTA_CREAR_EN_INDICES;No existe coincidencia exacta por CODIGO_UNICO ni match auxiliar fuerte;PROMEDIOSDEALUMNOS_7804.xlsx / hoja matriz;NO;"Crear según PROMEDIOSDEALUMNOS_7804.xlsx hoja matriz; no encontrado en listado existente INDICES por CODIGO_UNICO.";Santiago;Profesional;INGENIERIA EN MARKETING DIGITAL;REVISAR;REVISAR;República;Otro;Programa o Carrera Nueva(o);Programa Regular;No aplica;No presencial;REVISAR;REVISAR;REVISAR;REVISAR;REVISAR;REVISAR;REVISAR;8;REVISAR;REVISAR;REVISAR;REVISAR;REVISAR;"Crear según matriz PROMEDIOSDEALUMNOS_7804.xlsx / hoja matriz; no encontrado en listado existente INDICES por CODIGO_UNICO."
I162S2C112J4V2;162;2;112;4;2;INGENIERIA EN MARKETING DIGITAL;INGENIERIA EN MARKETING DIGITAL;3;3;NO APLICA;1;2;1;FALTA_CREAR_EN_INDICES;No existe coincidencia exacta por CODIGO_UNICO ni match auxiliar fuerte;PROMEDIOSDEALUMNOS_7804.xlsx / hoja matriz;NO;"Crear según PROMEDIOSDEALUMNOS_7804.xlsx hoja matriz; no encontrado en listado existente INDICES por CODIGO_UNICO.";Santiago;Profesional;INGENIERIA EN MARKETING DIGITAL;REVISAR;REVISAR;República;Otro;Programa o Carrera Nueva(o);Programa Especial;REVISAR;No presencial;REVISAR;REVISAR;REVISAR;REVISAR;REVISAR;REVISAR;REVISAR;4;REVISAR;REVISAR;REVISAR;REVISAR;REVISAR;"Crear según matriz PROMEDIOSDEALUMNOS_7804.xlsx / hoja matriz; no encontrado en listado existente INDICES por CODIGO_UNICO."
I162S2C113J4V1;162;2;113;4;1;INGENIERIA EN RECURSOS HUMANOS;INGENIERIA EN RECURSOS HUMANOS;3;1;NO APLICA;1;2;1;FALTA_CREAR_EN_INDICES;No existe coincidencia exacta por CODIGO_UNICO ni match auxiliar fuerte;PROMEDIOSDEALUMNOS_7804.xlsx / hoja matriz;NO;"Crear según PROMEDIOSDEALUMNOS_7804.xlsx hoja matriz; no encontrado en listado existente INDICES por CODIGO_UNICO.";Santiago;Profesional;INGENIERIA EN RECURSOS HUMANOS;REVISAR;REVISAR;República;Otro;Programa o Carrera Nueva(o);Programa Regular;No aplica;No presencial;REVISAR;REVISAR;REVISAR;REVISAR;REVISAR;REVISAR;REVISAR;8;REVISAR;REVISAR;REVISAR;REVISAR;REVISAR;"Crear según matriz PROMEDIOSDEALUMNOS_7804.xlsx / hoja matriz; no encontrado en listado existente INDICES por CODIGO_UNICO."
I162S2C113J4V2;162;2;113;4;2;INGENIERIA EN RECURSOS HUMANOS;INGENIERIA EN RECURSOS HUMANOS;3;3;NO APLICA;1;2;1;FALTA_CREAR_EN_INDICES;No existe coincidencia exacta por CODIGO_UNICO ni match auxiliar fuerte;PROMEDIOSDEALUMNOS_7804.xlsx / hoja matriz;NO;"Crear según PROMEDIOSDEALUMNOS_7804.xlsx hoja matriz; no encontrado en listado existente INDICES por CODIGO_UNICO.";Santiago;Profesional;INGENIERIA EN RECURSOS HUMANOS;REVISAR;REVISAR;República;Otro;Programa o Carrera Nueva(o);Programa Especial;REVISAR;No presencial;REVISAR;REVISAR;REVISAR;REVISAR;REVISAR;REVISAR;REVISAR;4;REVISAR;REVISAR;REVISAR;REVISAR;REVISAR;"Crear según matriz PROMEDIOSDEALUMNOS_7804.xlsx / hoja matriz; no encontrado en listado existente INDICES por CODIGO_UNICO."
I162S2C114J2V1;162;2;114;2;1;TECNICO EN ENFERMERIA E INSTRUMENTACION QUIRURGICA;TECNICO EN ENFERMERIA E INSTRUMENTACION QUIRURGICA;1;1;NO APLICA;1;1;1;FALTA_CREAR_EN_INDICES;No existe coincidencia exacta por CODIGO_UNICO ni match auxiliar fuerte;PROMEDIOSDEALUMNOS_7804.xlsx / hoja matriz;NO;"Crear según PROMEDIOSDEALUMNOS_7804.xlsx hoja matriz; no encontrado en listado existente INDICES por CODIGO_UNICO.";Santiago;Técnico Nivel Superior;TECNICO EN ENFERMERIA E INSTRUMENTACION QUIRURGICA;REVISAR;REVISAR;República;Vespertino;Programa o Carrera Nueva(o);Programa Regular;No aplica;Presencial;REVISAR;REVISAR;REVISAR;REVISAR;REVISAR;REVISAR;REVISAR;5;REVISAR;REVISAR;REVISAR;REVISAR;REVISAR;"Crear según matriz PROMEDIOSDEALUMNOS_7804.xlsx / hoja matriz; no encontrado en listado existente INDICES por CODIGO_UNICO."
I162S2C115J2V1;162;2;115;2;1;TECNICO EN FARMACIA;TECNICO EN FARMACIA;1;1;NO APLICA;1;1;1;FALTA_CREAR_EN_INDICES;No existe coincidencia exacta por CODIGO_UNICO ni match auxiliar fuerte;PROMEDIOSDEALUMNOS_7804.xlsx / hoja matriz;NO;"Crear según PROMEDIOSDEALUMNOS_7804.xlsx hoja matriz; no encontrado en listado existente INDICES por CODIGO_UNICO.";Santiago;Técnico Nivel Superior;TECNICO EN FARMACIA;REVISAR;REVISAR;República;Vespertino;Programa o Carrera Nueva(o);Programa Regular;No aplica;Presencial;REVISAR;REVISAR;REVISAR;REVISAR;REVISAR;REVISAR;REVISAR;5;REVISAR;REVISAR;REVISAR;REVISAR;REVISAR;"Crear según matriz PROMEDIOSDEALUMNOS_7804.xlsx / hoja matriz; no encontrado en listado existente INDICES por CODIGO_UNICO."
I162S2C116J4V1;162;2;116;4;1;TECNICO EN FINANZAS;TECNICO EN FINANZAS;3;1;NO APLICA;1;1;1;FALTA_CREAR_EN_INDICES;No existe coincidencia exacta por CODIGO_UNICO ni match auxiliar fuerte;PROMEDIOSDEALUMNOS_7804.xlsx / hoja matriz;NO;"Crear según PROMEDIOSDEALUMNOS_7804.xlsx hoja matriz; no encontrado en listado existente INDICES por CODIGO_UNICO.";Santiago;Técnico Nivel Superior;TECNICO EN FINANZAS;REVISAR;REVISAR;República;Otro;Programa o Carrera Nueva(o);Programa Regular;No aplica;No presencial;REVISAR;REVISAR;REVISAR;REVISAR;REVISAR;REVISAR;REVISAR;5;REVISAR;REVISAR;REVISAR;REVISAR;REVISAR;"Crear según matriz PROMEDIOSDEALUMNOS_7804.xlsx / hoja matriz; no encontrado en listado existente INDICES por CODIGO_UNICO."
I162S2C117J4V1;162;2;117;4;1;TECNICO EN INFRAESTRUCTURA CLOUD;TECNICO EN INFRAESTRUCTURA CLOUD;3;1;NO APLICA;1;1;1;FALTA_CREAR_EN_INDICES;No existe coincidencia exacta por CODIGO_UNICO ni match auxiliar fuerte;PROMEDIOSDEALUMNOS_7804.xlsx / hoja matriz;NO;"Crear según PROMEDIOSDEALUMNOS_7804.xlsx hoja matriz; no encontrado en listado existente INDICES por CODIGO_UNICO.";Santiago;Técnico Nivel Superior;TECNICO EN INFRAESTRUCTURA CLOUD;REVISAR;REVISAR;República;Otro;Programa o Carrera Nueva(o);Programa Regular;No aplica;No presencial;REVISAR;REVISAR;REVISAR;REVISAR;REVISAR;REVISAR;REVISAR;5;REVISAR;REVISAR;REVISAR;REVISAR;REVISAR;"Crear según matriz PROMEDIOSDEALUMNOS_7804.xlsx / hoja matriz; no encontrado en listado existente INDICES por CODIGO_UNICO."
I162S2C118J4V1;162;2;118;4;1;TECNICO EN MARKETING DIGITAL;TECNICO EN MARKETING DIGITAL;3;1;NO APLICA;1;1;1;FALTA_CREAR_EN_INDICES;No existe coincidencia exacta por CODIGO_UNICO ni match auxiliar fuerte;PROMEDIOSDEALUMNOS_7804.xlsx / hoja matriz;NO;"Crear según PROMEDIOSDEALUMNOS_7804.xlsx hoja matriz; no encontrado en listado existente INDICES por CODIGO_UNICO.";Santiago;Técnico Nivel Superior;TECNICO EN MARKETING DIGITAL;REVISAR;REVISAR;República;Otro;Programa o Carrera Nueva(o);Programa Regular;No aplica;No presencial;REVISAR;REVISAR;REVISAR;REVISAR;REVISAR;REVISAR;REVISAR;5;REVISAR;REVISAR;REVISAR;REVISAR;REVISAR;"Crear según matriz PROMEDIOSDEALUMNOS_7804.xlsx / hoja matriz; no encontrado en listado existente INDICES por CODIGO_UNICO."
I162S2C119J4V1;162;2;119;4;1;TECNICO EN RECURSOS HUMANOS;TECNICO EN RECURSOS HUMANOS;3;1;NO APLICA;1;1;1;FALTA_CREAR_EN_INDICES;No existe coincidencia exacta por CODIGO_UNICO ni match auxiliar fuerte;PROMEDIOSDEALUMNOS_7804.xlsx / hoja matriz;NO;"Crear según PROMEDIOSDEALUMNOS_7804.xlsx hoja matriz; no encontrado en listado existente INDICES por CODIGO_UNICO.";Santiago;Técnico Nivel Superior;TECNICO EN RECURSOS HUMANOS;REVISAR;REVISAR;República;Otro;Programa o Carrera Nueva(o);Programa Regular;No aplica;No presencial;REVISAR;REVISAR;REVISAR;REVISAR;REVISAR;REVISAR;REVISAR;5;REVISAR;REVISAR;REVISAR;REVISAR;REVISAR;"Crear según matriz PROMEDIOSDEALUMNOS_7804.xlsx / hoja matriz; no encontrado en listado existente INDICES por CODIGO_UNICO."
I162S2C124J4V1;162;2;124;4;1;INGENIERIA EN PREVENCION DE RIESGOS;INGENIERIA EN PREVENCION DE RIESGOS;3;1;NO APLICA;1;2;1;FALTA_CREAR_EN_INDICES;No existe coincidencia exacta por CODIGO_UNICO ni match auxiliar fuerte;PROMEDIOSDEALUMNOS_7804.xlsx / hoja matriz;NO;"Crear según PROMEDIOSDEALUMNOS_7804.xlsx hoja matriz; no encontrado en listado existente INDICES por CODIGO_UNICO.";Santiago;Profesional;INGENIERIA EN PREVENCION DE RIESGOS;REVISAR;REVISAR;República;Otro;Programa o Carrera Nueva(o);Programa Regular;No aplica;No presencial;REVISAR;REVISAR;REVISAR;REVISAR;REVISAR;REVISAR;REVISAR;8;REVISAR;REVISAR;REVISAR;REVISAR;REVISAR;"Crear según matriz PROMEDIOSDEALUMNOS_7804.xlsx / hoja matriz; no encontrado en listado existente INDICES por CODIGO_UNICO."
I162S2C124J4V2;162;2;124;4;2;INGENIERIA EN PREVENCION DE RIESGOS;INGENIERIA EN PREVENCION DE RIESGOS;3;3;NO APLICA;1;2;1;FALTA_CREAR_EN_INDICES;No existe coincidencia exacta por CODIGO_UNICO ni match auxiliar fuerte;PROMEDIOSDEALUMNOS_7804.xlsx / hoja matriz;NO;"Crear según PROMEDIOSDEALUMNOS_7804.xlsx hoja matriz; no encontrado en listado existente INDICES por CODIGO_UNICO.";Santiago;Profesional;INGENIERIA EN PREVENCION DE RIESGOS;REVISAR;REVISAR;República;Otro;Programa o Carrera Nueva(o);Programa Especial;REVISAR;No presencial;REVISAR;REVISAR;REVISAR;REVISAR;REVISAR;REVISAR;REVISAR;4;REVISAR;REVISAR;REVISAR;REVISAR;REVISAR;"Crear según matriz PROMEDIOSDEALUMNOS_7804.xlsx / hoja matriz; no encontrado en listado existente INDICES por CODIGO_UNICO."
I162S2C125J4V1;162;2;125;4;1;INGENIERIA EN SEGURIDAD PRIVADA;INGENIERIA EN SEGURIDAD PRIVADA;3;1;NO APLICA;1;2;1;FALTA_CREAR_EN_INDICES;No existe coincidencia exacta por CODIGO_UNICO ni match auxiliar fuerte;PROMEDIOSDEALUMNOS_7804.xlsx / hoja matriz;NO;"Crear según PROMEDIOSDEALUMNOS_7804.xlsx hoja matriz; no encontrado en listado existente INDICES por CODIGO_UNICO.";Santiago;Profesional;INGENIERIA EN SEGURIDAD PRIVADA;REVISAR;REVISAR;República;Otro;Programa o Carrera Nueva(o);Programa Regular;No aplica;No presencial;REVISAR;REVISAR;REVISAR;REVISAR;REVISAR;REVISAR;REVISAR;8;REVISAR;REVISAR;REVISAR;REVISAR;REVISAR;"Crear según matriz PROMEDIOSDEALUMNOS_7804.xlsx / hoja matriz; no encontrado en listado existente INDICES por CODIGO_UNICO."
I162S2C125J4V2;162;2;125;4;2;INGENIERIA EN SEGURIDAD PRIVADA;INGENIERIA EN SEGURIDAD PRIVADA;3;3;NO APLICA;1;2;1;FALTA_CREAR_EN_INDICES;No existe coincidencia exacta por CODIGO_UNICO ni match auxiliar fuerte;PROMEDIOSDEALUMNOS_7804.xlsx / hoja matriz;NO;"Crear según PROMEDIOSDEALUMNOS_7804.xlsx hoja matriz; no encontrado en listado existente INDICES por CODIGO_UNICO.";Santiago;Profesional;INGENIERIA EN SEGURIDAD PRIVADA;REVISAR;REVISAR;República;Otro;Programa o Carrera Nueva(o);Programa Especial;REVISAR;No presencial;REVISAR;REVISAR;REVISAR;REVISAR;REVISAR;REVISAR;REVISAR;4;REVISAR;REVISAR;REVISAR;REVISAR;REVISAR;"Crear según matriz PROMEDIOSDEALUMNOS_7804.xlsx / hoja matriz; no encontrado en listado existente INDICES por CODIGO_UNICO."
I162S2C13J1V1;162;2;13;1;1;SOPORTE DE SERVICIOS DE TELECOMUNICACIONES;SOPORTE DE SERVICIOS DE TELECOMUNICACIONES;1;1;NO APLICA;1;1;1;FALTA_CREAR_EN_INDICES;No existe coincidencia exacta por CODIGO_UNICO ni match auxiliar fuerte;PROMEDIOSDEALUMNOS_7804.xlsx / hoja matriz;NO;"Crear según PROMEDIOSDEALUMNOS_7804.xlsx hoja matriz; no encontrado en listado existente INDICES por CODIGO_UNICO.";Santiago;Técnico Nivel Superior;SOPORTE DE SERVICIOS DE TELECOMUNICACIONES;REVISAR;REVISAR;República;Diurno;Programa o Carrera Nueva(o);Programa Regular;No aplica;Presencial;REVISAR;REVISAR;REVISAR;REVISAR;REVISAR;REVISAR;REVISAR;5;REVISAR;REVISAR;REVISAR;REVISAR;REVISAR;"Crear según matriz PROMEDIOSDEALUMNOS_7804.xlsx / hoja matriz; no encontrado en listado existente INDICES por CODIGO_UNICO."
I162S2C13J2V1;162;2;13;2;1;SOPORTE DE SERVICIOS DE TELECOMUNICACIONES;SOPORTE DE SERVICIOS DE TELECOMUNICACIONES;1;1;NO APLICA;1;1;1;FALTA_CREAR_EN_INDICES;No existe coincidencia exacta por CODIGO_UNICO ni match auxiliar fuerte;PROMEDIOSDEALUMNOS_7804.xlsx / hoja matriz;NO;"Crear según PROMEDIOSDEALUMNOS_7804.xlsx hoja matriz; no encontrado en listado existente INDICES por CODIGO_UNICO.";Santiago;Técnico Nivel Superior;SOPORTE DE SERVICIOS DE TELECOMUNICACIONES;REVISAR;REVISAR;República;Vespertino;Programa o Carrera Nueva(o);Programa Regular;No aplica;Presencial;REVISAR;REVISAR;REVISAR;REVISAR;REVISAR;REVISAR;REVISAR;5;REVISAR;REVISAR;REVISAR;REVISAR;REVISAR;"Crear según matriz PROMEDIOSDEALUMNOS_7804.xlsx / hoja matriz; no encontrado en listado existente INDICES por CODIGO_UNICO."
I162S2C1J2V2;162;2;1;2;2;INGENIERIA EN INFORMATICA;INGENIERIA EN INFORMATICA;1;3;NO APLICA;1;2;1;FALTA_CREAR_EN_INDICES;No existe coincidencia exacta por CODIGO_UNICO ni match auxiliar fuerte;PROMEDIOSDEALUMNOS_7804.xlsx / hoja matriz;NO;"Crear según PROMEDIOSDEALUMNOS_7804.xlsx hoja matriz; no encontrado en listado existente INDICES por CODIGO_UNICO.";Santiago;Profesional;INGENIERIA EN INFORMATICA;REVISAR;REVISAR;República;Vespertino;Programa o Carrera Nueva(o);Programa Especial;REVISAR;Presencial;REVISAR;REVISAR;REVISAR;REVISAR;REVISAR;REVISAR;REVISAR;5;REVISAR;REVISAR;REVISAR;REVISAR;REVISAR;"Crear según matriz PROMEDIOSDEALUMNOS_7804.xlsx / hoja matriz; no encontrado en listado existente INDICES por CODIGO_UNICO."
I162S2C1J4V3;162;2;1;4;3;INGENIERIA EN INFORMATICA;INGENIERIA EN INFORMATICA;3;3;NO APLICA;1;2;1;FALTA_CREAR_EN_INDICES;No existe coincidencia exacta por CODIGO_UNICO ni match auxiliar fuerte;PROMEDIOSDEALUMNOS_7804.xlsx / hoja matriz;NO;"Crear según PROMEDIOSDEALUMNOS_7804.xlsx hoja matriz; no encontrado en listado existente INDICES por CODIGO_UNICO.";Santiago;Profesional;INGENIERIA EN INFORMATICA;REVISAR;REVISAR;República;Otro;Programa o Carrera Nueva(o);Programa Especial;REVISAR;No presencial;REVISAR;REVISAR;REVISAR;REVISAR;REVISAR;REVISAR;REVISAR;4;REVISAR;REVISAR;REVISAR;REVISAR;REVISAR;"Crear según matriz PROMEDIOSDEALUMNOS_7804.xlsx / hoja matriz; no encontrado en listado existente INDICES por CODIGO_UNICO."
I162S2C21J1V1;162;2;21;1;1;INGENIERIA DE EJECUCION EN AUTOMATIZACION Y CONTROL INDUSTRIAL;INGENIERIA DE EJECUCION EN AUTOMATIZACION Y CONTROL INDUSTRIAL;1;1;NO APLICA;1;2;1;FALTA_CREAR_EN_INDICES;No existe coincidencia exacta por CODIGO_UNICO ni match auxiliar fuerte;PROMEDIOSDEALUMNOS_7804.xlsx / hoja matriz;NO;"Crear según PROMEDIOSDEALUMNOS_7804.xlsx hoja matriz; no encontrado en listado existente INDICES por CODIGO_UNICO.";Santiago;Profesional;INGENIERIA DE EJECUCION EN AUTOMATIZACION Y CONTROL INDUSTRIAL;REVISAR;REVISAR;República;Diurno;Programa o Carrera Nueva(o);Programa Regular;No aplica;Presencial;REVISAR;REVISAR;REVISAR;REVISAR;REVISAR;REVISAR;REVISAR;8;REVISAR;REVISAR;REVISAR;REVISAR;REVISAR;"Crear según matriz PROMEDIOSDEALUMNOS_7804.xlsx / hoja matriz; no encontrado en listado existente INDICES por CODIGO_UNICO."
I162S2C21J2V1;162;2;21;2;1;INGENIERIA DE EJECUCION EN AUTOMATIZACION Y CONTROL INDUSTRIAL;INGENIERIA DE EJECUCION EN AUTOMATIZACION Y CONTROL INDUSTRIAL;1;1;NO APLICA;1;2;1;FALTA_CREAR_EN_INDICES;No existe coincidencia exacta por CODIGO_UNICO ni match auxiliar fuerte;PROMEDIOSDEALUMNOS_7804.xlsx / hoja matriz;NO;"Crear según PROMEDIOSDEALUMNOS_7804.xlsx hoja matriz; no encontrado en listado existente INDICES por CODIGO_UNICO.";Santiago;Profesional;INGENIERIA DE EJECUCION EN AUTOMATIZACION Y CONTROL INDUSTRIAL;REVISAR;REVISAR;República;Vespertino;Programa o Carrera Nueva(o);Programa Regular;No aplica;Presencial;REVISAR;REVISAR;REVISAR;REVISAR;REVISAR;REVISAR;REVISAR;8;REVISAR;REVISAR;REVISAR;REVISAR;REVISAR;"Crear según matriz PROMEDIOSDEALUMNOS_7804.xlsx / hoja matriz; no encontrado en listado existente INDICES por CODIGO_UNICO."
I162S2C23J1V1;162;2;23;1;1;INGENIERIA DE EJECUCION EN PREVENCION DE RIESGOS;INGENIERIA DE EJECUCION EN PREVENCION DE RIESGOS;1;1;NO APLICA;1;2;1;FALTA_CREAR_EN_INDICES;No existe coincidencia exacta por CODIGO_UNICO ni match auxiliar fuerte;PROMEDIOSDEALUMNOS_7804.xlsx / hoja matriz;NO;"Crear según PROMEDIOSDEALUMNOS_7804.xlsx hoja matriz; no encontrado en listado existente INDICES por CODIGO_UNICO.";Santiago;Profesional;INGENIERIA DE EJECUCION EN PREVENCION DE RIESGOS;REVISAR;REVISAR;República;Diurno;Programa o Carrera Nueva(o);Programa Regular;No aplica;Presencial;REVISAR;REVISAR;REVISAR;REVISAR;REVISAR;REVISAR;REVISAR;8;REVISAR;REVISAR;REVISAR;REVISAR;REVISAR;"Crear según matriz PROMEDIOSDEALUMNOS_7804.xlsx / hoja matriz; no encontrado en listado existente INDICES por CODIGO_UNICO."
I162S2C23J2V1;162;2;23;2;1;INGENIERIA DE EJECUCION EN PREVENCION DE RIESGOS;INGENIERIA DE EJECUCION EN PREVENCION DE RIESGOS;1;1;NO APLICA;1;2;1;FALTA_CREAR_EN_INDICES;No existe coincidencia exacta por CODIGO_UNICO ni match auxiliar fuerte;PROMEDIOSDEALUMNOS_7804.xlsx / hoja matriz;NO;"Crear según PROMEDIOSDEALUMNOS_7804.xlsx hoja matriz; no encontrado en listado existente INDICES por CODIGO_UNICO.";Santiago;Profesional;INGENIERIA DE EJECUCION EN PREVENCION DE RIESGOS;REVISAR;REVISAR;República;Vespertino;Programa o Carrera Nueva(o);Programa Regular;No aplica;Presencial;REVISAR;REVISAR;REVISAR;REVISAR;REVISAR;REVISAR;REVISAR;8;REVISAR;REVISAR;REVISAR;REVISAR;REVISAR;"Crear según matriz PROMEDIOSDEALUMNOS_7804.xlsx / hoja matriz; no encontrado en listado existente INDICES por CODIGO_UNICO."
I162S2C24J1V1;162;2;24;1;1;TECNICO EN AUTOMATIZACION Y CONTROL INDUSTRIAL;TECNICO EN AUTOMATIZACION Y CONTROL INDUSTRIAL;1;1;NO APLICA;1;1;1;FALTA_CREAR_EN_INDICES;No existe coincidencia exacta por CODIGO_UNICO ni match auxiliar fuerte;PROMEDIOSDEALUMNOS_7804.xlsx / hoja matriz;NO;"Crear según PROMEDIOSDEALUMNOS_7804.xlsx hoja matriz; no encontrado en listado existente INDICES por CODIGO_UNICO.";Santiago;Técnico Nivel Superior;TECNICO EN AUTOMATIZACION Y CONTROL INDUSTRIAL;REVISAR;REVISAR;República;Diurno;Programa o Carrera Nueva(o);Programa Regular;No aplica;Presencial;REVISAR;REVISAR;REVISAR;REVISAR;REVISAR;REVISAR;REVISAR;5;REVISAR;REVISAR;REVISAR;REVISAR;REVISAR;"Crear según matriz PROMEDIOSDEALUMNOS_7804.xlsx / hoja matriz; no encontrado en listado existente INDICES por CODIGO_UNICO."
I162S2C24J2V1;162;2;24;2;1;TECNICO EN AUTOMATIZACION Y CONTROL INDUSTRIAL;TECNICO EN AUTOMATIZACION Y CONTROL INDUSTRIAL;1;1;NO APLICA;1;1;1;FALTA_CREAR_EN_INDICES;No existe coincidencia exacta por CODIGO_UNICO ni match auxiliar fuerte;PROMEDIOSDEALUMNOS_7804.xlsx / hoja matriz;NO;"Crear según PROMEDIOSDEALUMNOS_7804.xlsx hoja matriz; no encontrado en listado existente INDICES por CODIGO_UNICO.";Santiago;Técnico Nivel Superior;TECNICO EN AUTOMATIZACION Y CONTROL INDUSTRIAL;REVISAR;REVISAR;República;Vespertino;Programa o Carrera Nueva(o);Programa Regular;No aplica;Presencial;REVISAR;REVISAR;REVISAR;REVISAR;REVISAR;REVISAR;REVISAR;5;REVISAR;REVISAR;REVISAR;REVISAR;REVISAR;"Crear según matriz PROMEDIOSDEALUMNOS_7804.xlsx / hoja matriz; no encontrado en listado existente INDICES por CODIGO_UNICO."
I162S2C2J1V2;162;2;2;1;2;TECNICO EN PROGRAMACION COMPUTACIONAL;TECNICO EN PROGRAMACION COMPUTACIONAL;1;1;NO APLICA;1;1;1;FALTA_CREAR_EN_INDICES;No existe coincidencia exacta por CODIGO_UNICO ni match auxiliar fuerte;PROMEDIOSDEALUMNOS_7804.xlsx / hoja matriz;NO;"Crear según PROMEDIOSDEALUMNOS_7804.xlsx hoja matriz; no encontrado en listado existente INDICES por CODIGO_UNICO.";Santiago;Técnico Nivel Superior;TECNICO EN PROGRAMACION COMPUTACIONAL;REVISAR;REVISAR;República;Diurno;Programa o Carrera Nueva(o);Programa Regular;No aplica;Presencial;REVISAR;REVISAR;REVISAR;REVISAR;REVISAR;REVISAR;REVISAR;5;REVISAR;REVISAR;REVISAR;REVISAR;REVISAR;"Crear según matriz PROMEDIOSDEALUMNOS_7804.xlsx / hoja matriz; no encontrado en listado existente INDICES por CODIGO_UNICO."
I162S2C2J2V2;162;2;2;2;2;TECNICO EN PROGRAMACION COMPUTACIONAL;TECNICO EN PROGRAMACION COMPUTACIONAL;1;1;NO APLICA;1;1;1;FALTA_CREAR_EN_INDICES;No existe coincidencia exacta por CODIGO_UNICO ni match auxiliar fuerte;PROMEDIOSDEALUMNOS_7804.xlsx / hoja matriz;NO;"Crear según PROMEDIOSDEALUMNOS_7804.xlsx hoja matriz; no encontrado en listado existente INDICES por CODIGO_UNICO.";Santiago;Técnico Nivel Superior;TECNICO EN PROGRAMACION COMPUTACIONAL;REVISAR;REVISAR;República;Vespertino;Programa o Carrera Nueva(o);Programa Regular;No aplica;Presencial;REVISAR;REVISAR;REVISAR;REVISAR;REVISAR;REVISAR;REVISAR;5;REVISAR;REVISAR;REVISAR;REVISAR;REVISAR;"Crear según matriz PROMEDIOSDEALUMNOS_7804.xlsx / hoja matriz; no encontrado en listado existente INDICES por CODIGO_UNICO."
I162S2C2J4V2;162;2;2;4;2;TECNICO EN PROGRAMACION COMPUTACIONAL;TECNICO EN PROGRAMACION COMPUTACIONAL;3;1;NO APLICA;1;1;1;FALTA_CREAR_EN_INDICES;No existe coincidencia exacta por CODIGO_UNICO ni match auxiliar fuerte;PROMEDIOSDEALUMNOS_7804.xlsx / hoja matriz;NO;"Crear según PROMEDIOSDEALUMNOS_7804.xlsx hoja matriz; no encontrado en listado existente INDICES por CODIGO_UNICO.";Santiago;Técnico Nivel Superior;TECNICO EN PROGRAMACION COMPUTACIONAL;REVISAR;REVISAR;República;Otro;Programa o Carrera Nueva(o);Programa Regular;No aplica;No presencial;REVISAR;REVISAR;REVISAR;REVISAR;REVISAR;REVISAR;REVISAR;5;REVISAR;REVISAR;REVISAR;REVISAR;REVISAR;"Crear según matriz PROMEDIOSDEALUMNOS_7804.xlsx / hoja matriz; no encontrado en listado existente INDICES por CODIGO_UNICO."
I162S2C35J1V2;162;2;35;1;2;TECNICO EN ANALISIS DE SISTEMAS;TECNICO EN ANALISIS DE SISTEMAS;1;1;NO APLICA;1;1;1;FALTA_CREAR_EN_INDICES;No existe coincidencia exacta por CODIGO_UNICO ni match auxiliar fuerte;PROMEDIOSDEALUMNOS_7804.xlsx / hoja matriz;NO;"Crear según PROMEDIOSDEALUMNOS_7804.xlsx hoja matriz; no encontrado en listado existente INDICES por CODIGO_UNICO.";Santiago;Técnico Nivel Superior;TECNICO EN ANALISIS DE SISTEMAS;REVISAR;REVISAR;República;Diurno;Programa o Carrera Nueva(o);Programa Regular;No aplica;Presencial;REVISAR;REVISAR;REVISAR;REVISAR;REVISAR;REVISAR;REVISAR;6;REVISAR;REVISAR;REVISAR;REVISAR;REVISAR;"Crear según matriz PROMEDIOSDEALUMNOS_7804.xlsx / hoja matriz; no encontrado en listado existente INDICES por CODIGO_UNICO."
I162S2C35J2V2;162;2;35;2;2;TECNICO EN ANALISIS DE SISTEMAS;TECNICO EN ANALISIS DE SISTEMAS;1;1;NO APLICA;1;1;1;FALTA_CREAR_EN_INDICES;No existe coincidencia exacta por CODIGO_UNICO ni match auxiliar fuerte;PROMEDIOSDEALUMNOS_7804.xlsx / hoja matriz;NO;"Crear según PROMEDIOSDEALUMNOS_7804.xlsx hoja matriz; no encontrado en listado existente INDICES por CODIGO_UNICO.";Santiago;Técnico Nivel Superior;TECNICO EN ANALISIS DE SISTEMAS;REVISAR;REVISAR;República;Vespertino;Programa o Carrera Nueva(o);Programa Regular;No aplica;Presencial;REVISAR;REVISAR;REVISAR;REVISAR;REVISAR;REVISAR;REVISAR;6;REVISAR;REVISAR;REVISAR;REVISAR;REVISAR;"Crear según matriz PROMEDIOSDEALUMNOS_7804.xlsx / hoja matriz; no encontrado en listado existente INDICES por CODIGO_UNICO."
I162S2C35J4V2;162;2;35;4;2;TECNICO EN ANALISIS DE SISTEMAS;TECNICO EN ANALISIS DE SISTEMAS;3;1;NO APLICA;1;1;1;FALTA_CREAR_EN_INDICES;No existe coincidencia exacta por CODIGO_UNICO ni match auxiliar fuerte;PROMEDIOSDEALUMNOS_7804.xlsx / hoja matriz;NO;"Crear según PROMEDIOSDEALUMNOS_7804.xlsx hoja matriz; no encontrado en listado existente INDICES por CODIGO_UNICO.";Santiago;Técnico Nivel Superior;TECNICO EN ANALISIS DE SISTEMAS;REVISAR;REVISAR;República;Otro;Programa o Carrera Nueva(o);Programa Regular;No aplica;No presencial;REVISAR;REVISAR;REVISAR;REVISAR;REVISAR;REVISAR;REVISAR;6;REVISAR;REVISAR;REVISAR;REVISAR;REVISAR;"Crear según matriz PROMEDIOSDEALUMNOS_7804.xlsx / hoja matriz; no encontrado en listado existente INDICES por CODIGO_UNICO."
I162S2C3J2V2;162;2;3;2;2;INGENIERIA EN CONECTIVIDAD Y REDES;INGENIERIA EN CONECTIVIDAD Y REDES;1;3;NO APLICA;1;2;1;FALTA_CREAR_EN_INDICES;No existe coincidencia exacta por CODIGO_UNICO ni match auxiliar fuerte;PROMEDIOSDEALUMNOS_7804.xlsx / hoja matriz;NO;"Crear según PROMEDIOSDEALUMNOS_7804.xlsx hoja matriz; no encontrado en listado existente INDICES por CODIGO_UNICO.";Santiago;Profesional;INGENIERIA EN CONECTIVIDAD Y REDES;REVISAR;REVISAR;República;Vespertino;Programa o Carrera Nueva(o);Programa Especial;REVISAR;Presencial;REVISAR;REVISAR;REVISAR;REVISAR;REVISAR;REVISAR;REVISAR;5;REVISAR;REVISAR;REVISAR;REVISAR;REVISAR;"Crear según matriz PROMEDIOSDEALUMNOS_7804.xlsx / hoja matriz; no encontrado en listado existente INDICES por CODIGO_UNICO."
I162S2C40J2V1;162;2;40;2;1;DIPLOMADO EN DOCENCIA EN EDUCACION SUPERIOR TECNICO PROFESIONAL;DIPLOMADO EN DOCENCIA EN EDUCACION SUPERIOR TECNICO PROFESIONAL;2;1;NO APLICA;3;5;1;FALTA_CREAR_EN_INDICES;No existe coincidencia exacta por CODIGO_UNICO ni match auxiliar fuerte;PROMEDIOSDEALUMNOS_7804.xlsx / hoja matriz;NO;"Crear según PROMEDIOSDEALUMNOS_7804.xlsx hoja matriz; no encontrado en listado existente INDICES por CODIGO_UNICO.";Santiago;Diplomado;DIPLOMADO EN DOCENCIA EN EDUCACION SUPERIOR TECNICO PROFESIONAL;REVISAR;REVISAR;República;Vespertino;Programa o Carrera Nueva(o);Programa Regular;No aplica;REVISAR;REVISAR;REVISAR;REVISAR;REVISAR;REVISAR;REVISAR;REVISAR;2;REVISAR;REVISAR;REVISAR;REVISAR;REVISAR;"Crear según matriz PROMEDIOSDEALUMNOS_7804.xlsx / hoja matriz; no encontrado en listado existente INDICES por CODIGO_UNICO."
I162S2C41J2V1;162;2;41;2;1;DIPLOMADO EN GESTION DE PROYECTOS;DIPLOMADO EN GESTION DE PROYECTOS;1;1;NO APLICA;3;5;1;FALTA_CREAR_EN_INDICES;No existe coincidencia exacta por CODIGO_UNICO ni match auxiliar fuerte;PROMEDIOSDEALUMNOS_7804.xlsx / hoja matriz;NO;"Crear según PROMEDIOSDEALUMNOS_7804.xlsx hoja matriz; no encontrado en listado existente INDICES por CODIGO_UNICO.";Santiago;Diplomado;DIPLOMADO EN GESTION DE PROYECTOS;REVISAR;REVISAR;República;Vespertino;Programa o Carrera Nueva(o);Programa Regular;No aplica;Presencial;REVISAR;REVISAR;REVISAR;REVISAR;REVISAR;REVISAR;REVISAR;2;REVISAR;REVISAR;REVISAR;REVISAR;REVISAR;"Crear según matriz PROMEDIOSDEALUMNOS_7804.xlsx / hoja matriz; no encontrado en listado existente INDICES por CODIGO_UNICO."
I162S2C53J3V1;162;2;53;3;1;DIPLOMADO EN CIBERSEGURIDAD APLICADA;DIPLOMADO EN CIBERSEGURIDAD APLICADA;2;1;NO APLICA;3;5;1;FALTA_CREAR_EN_INDICES;No existe coincidencia exacta por CODIGO_UNICO ni match auxiliar fuerte;PROMEDIOSDEALUMNOS_7804.xlsx / hoja matriz;NO;"Crear según PROMEDIOSDEALUMNOS_7804.xlsx hoja matriz; no encontrado en listado existente INDICES por CODIGO_UNICO.";Santiago;Diplomado;DIPLOMADO EN CIBERSEGURIDAD APLICADA;REVISAR;REVISAR;República;REVISAR;Programa o Carrera Nueva(o);Programa Regular;No aplica;REVISAR;REVISAR;REVISAR;REVISAR;REVISAR;REVISAR;REVISAR;REVISAR;1;REVISAR;REVISAR;REVISAR;REVISAR;REVISAR;"Crear según matriz PROMEDIOSDEALUMNOS_7804.xlsx / hoja matriz; no encontrado en listado existente INDICES por CODIGO_UNICO."
I162S2C63J4V1;162;2;63;4;1;DIPLOMADO EN ARQUITECTURA CLOUD;DIPLOMADO EN ARQUITECTURA CLOUD;3;1;NO APLICA;3;5;1;FALTA_CREAR_EN_INDICES;No existe coincidencia exacta por CODIGO_UNICO ni match auxiliar fuerte;PROMEDIOSDEALUMNOS_7804.xlsx / hoja matriz;NO;"Crear según PROMEDIOSDEALUMNOS_7804.xlsx hoja matriz; no encontrado en listado existente INDICES por CODIGO_UNICO.";Santiago;Diplomado;DIPLOMADO EN ARQUITECTURA CLOUD;REVISAR;REVISAR;República;Otro;Programa o Carrera Nueva(o);Programa Regular;No aplica;No presencial;REVISAR;REVISAR;REVISAR;REVISAR;REVISAR;REVISAR;REVISAR;1;REVISAR;REVISAR;REVISAR;REVISAR;REVISAR;"Crear según matriz PROMEDIOSDEALUMNOS_7804.xlsx / hoja matriz; no encontrado en listado existente INDICES por CODIGO_UNICO."
I162S2C64J4V1;162;2;64;4;1;DIPLOMADO EN BACKEND;DIPLOMADO EN BACKEND;3;1;NO APLICA;3;5;1;FALTA_CREAR_EN_INDICES;No existe coincidencia exacta por CODIGO_UNICO ni match auxiliar fuerte;PROMEDIOSDEALUMNOS_7804.xlsx / hoja matriz;NO;"Crear según PROMEDIOSDEALUMNOS_7804.xlsx hoja matriz; no encontrado en listado existente INDICES por CODIGO_UNICO.";Santiago;Diplomado;DIPLOMADO EN BACKEND;REVISAR;REVISAR;República;Otro;Programa o Carrera Nueva(o);Programa Regular;No aplica;No presencial;REVISAR;REVISAR;REVISAR;REVISAR;REVISAR;REVISAR;REVISAR;1;REVISAR;REVISAR;REVISAR;REVISAR;REVISAR;"Crear según matriz PROMEDIOSDEALUMNOS_7804.xlsx / hoja matriz; no encontrado en listado existente INDICES por CODIGO_UNICO."
I162S2C65J4V1;162;2;65;4;1;DIPLOMADO EN FRONTEND;DIPLOMADO EN FRONTEND;3;1;NO APLICA;3;5;1;FALTA_CREAR_EN_INDICES;No existe coincidencia exacta por CODIGO_UNICO ni match auxiliar fuerte;PROMEDIOSDEALUMNOS_7804.xlsx / hoja matriz;NO;"Crear según PROMEDIOSDEALUMNOS_7804.xlsx hoja matriz; no encontrado en listado existente INDICES por CODIGO_UNICO.";Santiago;Diplomado;DIPLOMADO EN FRONTEND;REVISAR;REVISAR;República;Otro;Programa o Carrera Nueva(o);Programa Regular;No aplica;No presencial;REVISAR;REVISAR;REVISAR;REVISAR;REVISAR;REVISAR;REVISAR;1;REVISAR;REVISAR;REVISAR;REVISAR;REVISAR;"Crear según matriz PROMEDIOSDEALUMNOS_7804.xlsx / hoja matriz; no encontrado en listado existente INDICES por CODIGO_UNICO."
I162S2C66J4V1;162;2;66;4;1;DIPLOMADO EN FULLSTACK;DIPLOMADO EN FULLSTACK;3;1;NO APLICA;3;5;1;FALTA_CREAR_EN_INDICES;No existe coincidencia exacta por CODIGO_UNICO ni match auxiliar fuerte;PROMEDIOSDEALUMNOS_7804.xlsx / hoja matriz;NO;"Crear según PROMEDIOSDEALUMNOS_7804.xlsx hoja matriz; no encontrado en listado existente INDICES por CODIGO_UNICO.";Santiago;Diplomado;DIPLOMADO EN FULLSTACK;REVISAR;REVISAR;República;Otro;Programa o Carrera Nueva(o);Programa Regular;No aplica;No presencial;REVISAR;REVISAR;REVISAR;REVISAR;REVISAR;REVISAR;REVISAR;1;REVISAR;REVISAR;REVISAR;REVISAR;REVISAR;"Crear según matriz PROMEDIOSDEALUMNOS_7804.xlsx / hoja matriz; no encontrado en listado existente INDICES por CODIGO_UNICO."
I162S2C67J4V1;162;2;67;4;1;DIPLOMADO EN QUALITY ASSURANCE;DIPLOMADO EN QUALITY ASSURANCE;3;1;NO APLICA;3;5;1;FALTA_CREAR_EN_INDICES;No existe coincidencia exacta por CODIGO_UNICO ni match auxiliar fuerte;PROMEDIOSDEALUMNOS_7804.xlsx / hoja matriz;NO;"Crear según PROMEDIOSDEALUMNOS_7804.xlsx hoja matriz; no encontrado en listado existente INDICES por CODIGO_UNICO.";Santiago;Diplomado;DIPLOMADO EN QUALITY ASSURANCE;REVISAR;REVISAR;República;Otro;Programa o Carrera Nueva(o);Programa Regular;No aplica;No presencial;REVISAR;REVISAR;REVISAR;REVISAR;REVISAR;REVISAR;REVISAR;1;REVISAR;REVISAR;REVISAR;REVISAR;REVISAR;"Crear según matriz PROMEDIOSDEALUMNOS_7804.xlsx / hoja matriz; no encontrado en listado existente INDICES por CODIGO_UNICO."
I162S2C68J4V1;162;2;68;4;1;DIPLOMADO EN SEGURIDAD OFENSIVA;DIPLOMADO EN SEGURIDAD OFENSIVA;3;1;NO APLICA;3;5;1;FALTA_CREAR_EN_INDICES;No existe coincidencia exacta por CODIGO_UNICO ni match auxiliar fuerte;PROMEDIOSDEALUMNOS_7804.xlsx / hoja matriz;NO;"Crear según PROMEDIOSDEALUMNOS_7804.xlsx hoja matriz; no encontrado en listado existente INDICES por CODIGO_UNICO.";Santiago;Diplomado;DIPLOMADO EN SEGURIDAD OFENSIVA;REVISAR;REVISAR;República;Otro;Programa o Carrera Nueva(o);Programa Regular;No aplica;No presencial;REVISAR;REVISAR;REVISAR;REVISAR;REVISAR;REVISAR;REVISAR;1;REVISAR;REVISAR;REVISAR;REVISAR;REVISAR;"Crear según matriz PROMEDIOSDEALUMNOS_7804.xlsx / hoja matriz; no encontrado en listado existente INDICES por CODIGO_UNICO."
I162S2C69J4V1;162;2;69;4;1;DIPLOMADO INFRAESTRUCTURA CLOUD;DIPLOMADO INFRAESTRUCTURA CLOUD;3;1;NO APLICA;3;5;1;FALTA_CREAR_EN_INDICES;No existe coincidencia exacta por CODIGO_UNICO ni match auxiliar fuerte;PROMEDIOSDEALUMNOS_7804.xlsx / hoja matriz;NO;"Crear según PROMEDIOSDEALUMNOS_7804.xlsx hoja matriz; no encontrado en listado existente INDICES por CODIGO_UNICO.";Santiago;Diplomado;DIPLOMADO INFRAESTRUCTURA CLOUD;REVISAR;REVISAR;República;Otro;Programa o Carrera Nueva(o);Programa Regular;No aplica;No presencial;REVISAR;REVISAR;REVISAR;REVISAR;REVISAR;REVISAR;REVISAR;1;REVISAR;REVISAR;REVISAR;REVISAR;REVISAR;"Crear según matriz PROMEDIOSDEALUMNOS_7804.xlsx / hoja matriz; no encontrado en listado existente INDICES por CODIGO_UNICO."
I162S2C6J1V1;162;2;6;1;1;TECNICO EN CONECTIVIDAD Y REDES;TECNICO EN CONECTIVIDAD Y REDES;1;1;NO APLICA;1;1;1;FALTA_CREAR_EN_INDICES;No existe coincidencia exacta por CODIGO_UNICO ni match auxiliar fuerte;PROMEDIOSDEALUMNOS_7804.xlsx / hoja matriz;NO;"Crear según PROMEDIOSDEALUMNOS_7804.xlsx hoja matriz; no encontrado en listado existente INDICES por CODIGO_UNICO.";Santiago;Técnico Nivel Superior;TECNICO EN CONECTIVIDAD Y REDES;REVISAR;REVISAR;República;Diurno;Programa o Carrera Nueva(o);Programa Regular;No aplica;Presencial;REVISAR;REVISAR;REVISAR;REVISAR;REVISAR;REVISAR;REVISAR;5;REVISAR;REVISAR;REVISAR;REVISAR;REVISAR;"Crear según matriz PROMEDIOSDEALUMNOS_7804.xlsx / hoja matriz; no encontrado en listado existente INDICES por CODIGO_UNICO."
I162S2C6J2V1;162;2;6;2;1;TECNICO EN CONECTIVIDAD Y REDES;TECNICO EN CONECTIVIDAD Y REDES;1;1;NO APLICA;1;1;1;FALTA_CREAR_EN_INDICES;No existe coincidencia exacta por CODIGO_UNICO ni match auxiliar fuerte;PROMEDIOSDEALUMNOS_7804.xlsx / hoja matriz;NO;"Crear según PROMEDIOSDEALUMNOS_7804.xlsx hoja matriz; no encontrado en listado existente INDICES por CODIGO_UNICO.";Santiago;Técnico Nivel Superior;TECNICO EN CONECTIVIDAD Y REDES;REVISAR;REVISAR;República;Vespertino;Programa o Carrera Nueva(o);Programa Regular;No aplica;Presencial;REVISAR;REVISAR;REVISAR;REVISAR;REVISAR;REVISAR;REVISAR;5;REVISAR;REVISAR;REVISAR;REVISAR;REVISAR;"Crear según matriz PROMEDIOSDEALUMNOS_7804.xlsx / hoja matriz; no encontrado en listado existente INDICES por CODIGO_UNICO."
I162S2C6J4V1;162;2;6;4;1;TECNICO EN CONECTIVIDAD Y REDES;TECNICO EN CONECTIVIDAD Y REDES;3;1;NO APLICA;1;1;1;FALTA_CREAR_EN_INDICES;No existe coincidencia exacta por CODIGO_UNICO ni match auxiliar fuerte;PROMEDIOSDEALUMNOS_7804.xlsx / hoja matriz;NO;"Crear según PROMEDIOSDEALUMNOS_7804.xlsx hoja matriz; no encontrado en listado existente INDICES por CODIGO_UNICO.";Santiago;Técnico Nivel Superior;TECNICO EN CONECTIVIDAD Y REDES;REVISAR;REVISAR;República;Otro;Programa o Carrera Nueva(o);Programa Regular;No aplica;No presencial;REVISAR;REVISAR;REVISAR;REVISAR;REVISAR;REVISAR;REVISAR;5;REVISAR;REVISAR;REVISAR;REVISAR;REVISAR;"Crear según matriz PROMEDIOSDEALUMNOS_7804.xlsx / hoja matriz; no encontrado en listado existente INDICES por CODIGO_UNICO."
I162S2C70J4V1;162;2;70;4;1;DIPLOMADO REDES INDUSTRIALES;DIPLOMADO REDES INDUSTRIALES;3;1;NO APLICA;3;5;1;FALTA_CREAR_EN_INDICES;No existe coincidencia exacta por CODIGO_UNICO ni match auxiliar fuerte;PROMEDIOSDEALUMNOS_7804.xlsx / hoja matriz;NO;"Crear según PROMEDIOSDEALUMNOS_7804.xlsx hoja matriz; no encontrado en listado existente INDICES por CODIGO_UNICO.";Santiago;Diplomado;DIPLOMADO REDES INDUSTRIALES;REVISAR;REVISAR;República;Otro;Programa o Carrera Nueva(o);Programa Regular;No aplica;No presencial;REVISAR;REVISAR;REVISAR;REVISAR;REVISAR;REVISAR;REVISAR;1;REVISAR;REVISAR;REVISAR;REVISAR;REVISAR;"Crear según matriz PROMEDIOSDEALUMNOS_7804.xlsx / hoja matriz; no encontrado en listado existente INDICES por CODIGO_UNICO."
I162S2C71J4V1;162;2;71;4;1;DIPLOMADO SEGURIDAD EN ARQUITECTURA DE REDES;DIPLOMADO SEGURIDAD EN ARQUITECTURA DE REDES;3;1;NO APLICA;3;5;1;FALTA_CREAR_EN_INDICES;No existe coincidencia exacta por CODIGO_UNICO ni match auxiliar fuerte;PROMEDIOSDEALUMNOS_7804.xlsx / hoja matriz;NO;"Crear según PROMEDIOSDEALUMNOS_7804.xlsx hoja matriz; no encontrado en listado existente INDICES por CODIGO_UNICO.";Santiago;Diplomado;DIPLOMADO SEGURIDAD EN ARQUITECTURA DE REDES;REVISAR;REVISAR;República;Otro;Programa o Carrera Nueva(o);Programa Regular;No aplica;No presencial;REVISAR;REVISAR;REVISAR;REVISAR;REVISAR;REVISAR;REVISAR;1;REVISAR;REVISAR;REVISAR;REVISAR;REVISAR;"Crear según matriz PROMEDIOSDEALUMNOS_7804.xlsx / hoja matriz; no encontrado en listado existente INDICES por CODIGO_UNICO."
I162S2C76J4V2;162;2;76;4;2;INGENIERIA EN ADMINISTRACION DE EMPRESAS;INGENIERIA EN ADMINISTRACION DE EMPRESAS;3;3;NO APLICA;1;2;1;FALTA_CREAR_EN_INDICES;No existe coincidencia exacta por CODIGO_UNICO ni match auxiliar fuerte;PROMEDIOSDEALUMNOS_7804.xlsx / hoja matriz;NO;"Crear según PROMEDIOSDEALUMNOS_7804.xlsx hoja matriz; no encontrado en listado existente INDICES por CODIGO_UNICO.";Santiago;Profesional;INGENIERIA EN ADMINISTRACION DE EMPRESAS;REVISAR;REVISAR;República;Otro;Programa o Carrera Nueva(o);Programa Especial;REVISAR;No presencial;REVISAR;REVISAR;REVISAR;REVISAR;REVISAR;REVISAR;REVISAR;4;REVISAR;REVISAR;REVISAR;REVISAR;REVISAR;"Crear según matriz PROMEDIOSDEALUMNOS_7804.xlsx / hoja matriz; no encontrado en listado existente INDICES por CODIGO_UNICO."
I162S2C77J4V2;162;2;77;4;2;INGENIERIA EN LOGISTICA;INGENIERIA EN LOGISTICA;3;3;NO APLICA;1;2;1;FALTA_CREAR_EN_INDICES;No existe coincidencia exacta por CODIGO_UNICO ni match auxiliar fuerte;PROMEDIOSDEALUMNOS_7804.xlsx / hoja matriz;NO;"Crear según PROMEDIOSDEALUMNOS_7804.xlsx hoja matriz; no encontrado en listado existente INDICES por CODIGO_UNICO.";Santiago;Profesional;INGENIERIA EN LOGISTICA;REVISAR;REVISAR;República;Otro;Programa o Carrera Nueva(o);Programa Especial;REVISAR;No presencial;REVISAR;REVISAR;REVISAR;REVISAR;REVISAR;REVISAR;REVISAR;4;REVISAR;REVISAR;REVISAR;REVISAR;REVISAR;"Crear según matriz PROMEDIOSDEALUMNOS_7804.xlsx / hoja matriz; no encontrado en listado existente INDICES por CODIGO_UNICO."
I162S2C83J4V2;162;2;83;4;2;ADMINISTRACION PUBLICA;ADMINISTRACION PUBLICA;3;3;NO APLICA;1;2;1;FALTA_CREAR_EN_INDICES;No existe coincidencia exacta por CODIGO_UNICO ni match auxiliar fuerte;PROMEDIOSDEALUMNOS_7804.xlsx / hoja matriz;NO;"Crear según PROMEDIOSDEALUMNOS_7804.xlsx hoja matriz; no encontrado en listado existente INDICES por CODIGO_UNICO.";Santiago;Profesional;ADMINISTRACION PUBLICA;REVISAR;REVISAR;República;Otro;Programa o Carrera Nueva(o);Programa Especial;REVISAR;No presencial;REVISAR;REVISAR;REVISAR;REVISAR;REVISAR;REVISAR;REVISAR;4;REVISAR;REVISAR;REVISAR;REVISAR;REVISAR;"Crear según matriz PROMEDIOSDEALUMNOS_7804.xlsx / hoja matriz; no encontrado en listado existente INDICES por CODIGO_UNICO."
I162S2C86J4V2;162;2;86;4;2;AUDITORIA;AUDITORIA;3;3;NO APLICA;1;2;1;FALTA_CREAR_EN_INDICES;No existe coincidencia exacta por CODIGO_UNICO ni match auxiliar fuerte;PROMEDIOSDEALUMNOS_7804.xlsx / hoja matriz;NO;"Crear según PROMEDIOSDEALUMNOS_7804.xlsx hoja matriz; no encontrado en listado existente INDICES por CODIGO_UNICO.";Santiago;Profesional;AUDITORIA;REVISAR;REVISAR;República;Otro;Programa o Carrera Nueva(o);Programa Especial;REVISAR;No presencial;REVISAR;REVISAR;REVISAR;REVISAR;REVISAR;REVISAR;REVISAR;4;REVISAR;REVISAR;REVISAR;REVISAR;REVISAR;"Crear según matriz PROMEDIOSDEALUMNOS_7804.xlsx / hoja matriz; no encontrado en listado existente INDICES por CODIGO_UNICO."
I162S2C87J4V2;162;2;87;4;2;INGENIERIA INDUSTRIAL;INGENIERIA INDUSTRIAL;3;1;NO APLICA;1;2;1;FALTA_CREAR_EN_INDICES;No existe coincidencia exacta por CODIGO_UNICO ni match auxiliar fuerte;PROMEDIOSDEALUMNOS_7804.xlsx / hoja matriz;NO;"Crear según PROMEDIOSDEALUMNOS_7804.xlsx hoja matriz; no encontrado en listado existente INDICES por CODIGO_UNICO.";Santiago;Profesional;INGENIERIA INDUSTRIAL;REVISAR;REVISAR;República;Otro;Programa o Carrera Nueva(o);Programa Regular;No aplica;No presencial;REVISAR;REVISAR;REVISAR;REVISAR;REVISAR;REVISAR;REVISAR;8;REVISAR;REVISAR;REVISAR;REVISAR;REVISAR;"Crear según matriz PROMEDIOSDEALUMNOS_7804.xlsx / hoja matriz; no encontrado en listado existente INDICES por CODIGO_UNICO."
I162S2C88J4V2;162;2;88;4;2;INGENIERIA EN CIENCIA DE DATOS;INGENIERIA EN CIENCIA DE DATOS;3;3;NO APLICA;1;2;1;FALTA_CREAR_EN_INDICES;No existe coincidencia exacta por CODIGO_UNICO ni match auxiliar fuerte;PROMEDIOSDEALUMNOS_7804.xlsx / hoja matriz;NO;"Crear según PROMEDIOSDEALUMNOS_7804.xlsx hoja matriz; no encontrado en listado existente INDICES por CODIGO_UNICO.";Santiago;Profesional;INGENIERIA EN CIENCIA DE DATOS;REVISAR;REVISAR;República;Otro;Programa o Carrera Nueva(o);Programa Especial;REVISAR;No presencial;REVISAR;REVISAR;REVISAR;REVISAR;REVISAR;REVISAR;REVISAR;4;REVISAR;REVISAR;REVISAR;REVISAR;REVISAR;"Crear según matriz PROMEDIOSDEALUMNOS_7804.xlsx / hoja matriz; no encontrado en listado existente INDICES por CODIGO_UNICO."
I162S2C90J2V1;162;2;90;2;1;NATUROPATIA;NATUROPATIA;1;3;NO APLICA;1;2;1;FALTA_CREAR_EN_INDICES;No existe coincidencia exacta por CODIGO_UNICO ni match auxiliar fuerte;PROMEDIOSDEALUMNOS_7804.xlsx / hoja matriz;NO;"Crear según PROMEDIOSDEALUMNOS_7804.xlsx hoja matriz; no encontrado en listado existente INDICES por CODIGO_UNICO.";Santiago;Profesional;NATUROPATIA;REVISAR;REVISAR;República;Vespertino;Programa o Carrera Nueva(o);Programa Especial;REVISAR;Presencial;REVISAR;REVISAR;REVISAR;REVISAR;REVISAR;REVISAR;REVISAR;4;REVISAR;REVISAR;REVISAR;REVISAR;REVISAR;"Crear según matriz PROMEDIOSDEALUMNOS_7804.xlsx / hoja matriz; no encontrado en listado existente INDICES por CODIGO_UNICO."
I162S2C90J2V2;162;2;90;2;2;NATUROPATIA;NATUROPATIA;1;1;NO APLICA;1;2;1;FALTA_CREAR_EN_INDICES;No existe coincidencia exacta por CODIGO_UNICO ni match auxiliar fuerte;PROMEDIOSDEALUMNOS_7804.xlsx / hoja matriz;NO;"Crear según PROMEDIOSDEALUMNOS_7804.xlsx hoja matriz; no encontrado en listado existente INDICES por CODIGO_UNICO.";Santiago;Profesional;NATUROPATIA;REVISAR;REVISAR;República;Vespertino;Programa o Carrera Nueva(o);Programa Regular;No aplica;Presencial;REVISAR;REVISAR;REVISAR;REVISAR;REVISAR;REVISAR;REVISAR;8;REVISAR;REVISAR;REVISAR;REVISAR;REVISAR;"Crear según matriz PROMEDIOSDEALUMNOS_7804.xlsx / hoja matriz; no encontrado en listado existente INDICES por CODIGO_UNICO."
I162S2C95J4V1;162;2;95;4;1;DIPLOMADO EN INTELIGENCIA ARTIFICIAL;DIPLOMADO EN INTELIGENCIA ARTIFICIAL;3;1;NO APLICA;3;5;1;FALTA_CREAR_EN_INDICES;No existe coincidencia exacta por CODIGO_UNICO ni match auxiliar fuerte;PROMEDIOSDEALUMNOS_7804.xlsx / hoja matriz;NO;"Crear según PROMEDIOSDEALUMNOS_7804.xlsx hoja matriz; no encontrado en listado existente INDICES por CODIGO_UNICO.";Santiago;Diplomado;DIPLOMADO EN INTELIGENCIA ARTIFICIAL;REVISAR;REVISAR;República;Otro;Programa o Carrera Nueva(o);Programa Regular;No aplica;No presencial;REVISAR;REVISAR;REVISAR;REVISAR;REVISAR;REVISAR;REVISAR;1;REVISAR;REVISAR;REVISAR;REVISAR;REVISAR;"Crear según matriz PROMEDIOSDEALUMNOS_7804.xlsx / hoja matriz; no encontrado en listado existente INDICES por CODIGO_UNICO."
I162S2C96J4V1;162;2;96;4;1;DIPLOMADO EN GOBERNANZA DE DATOS;DIPLOMADO EN GOBERNANZA DE DATOS;3;1;NO APLICA;3;5;1;FALTA_CREAR_EN_INDICES;No existe coincidencia exacta por CODIGO_UNICO ni match auxiliar fuerte;PROMEDIOSDEALUMNOS_7804.xlsx / hoja matriz;NO;"Crear según PROMEDIOSDEALUMNOS_7804.xlsx hoja matriz; no encontrado en listado existente INDICES por CODIGO_UNICO.";Santiago;Diplomado;DIPLOMADO EN GOBERNANZA DE DATOS;REVISAR;REVISAR;República;Otro;Programa o Carrera Nueva(o);Programa Regular;No aplica;No presencial;REVISAR;REVISAR;REVISAR;REVISAR;REVISAR;REVISAR;REVISAR;1;REVISAR;REVISAR;REVISAR;REVISAR;REVISAR;"Crear según matriz PROMEDIOSDEALUMNOS_7804.xlsx / hoja matriz; no encontrado en listado existente INDICES por CODIGO_UNICO."
I162S2C97J4V1;162;2;97;4;1;DIPLOMADO EN SUPPLY CHAIN MANAGEMENT Y MINERIA DE REQUERIMIENTOS;DIPLOMADO EN SUPPLY CHAIN MANAGEMENT Y MINERIA DE REQUERIMIENTOS;3;1;NO APLICA;3;5;1;FALTA_CREAR_EN_INDICES;No existe coincidencia exacta por CODIGO_UNICO ni match auxiliar fuerte;PROMEDIOSDEALUMNOS_7804.xlsx / hoja matriz;NO;"Crear según PROMEDIOSDEALUMNOS_7804.xlsx hoja matriz; no encontrado en listado existente INDICES por CODIGO_UNICO.";Santiago;Diplomado;DIPLOMADO EN SUPPLY CHAIN MANAGEMENT Y MINERIA DE REQUERIMIENTOS;REVISAR;REVISAR;República;Otro;Programa o Carrera Nueva(o);Programa Regular;No aplica;No presencial;REVISAR;REVISAR;REVISAR;REVISAR;REVISAR;REVISAR;REVISAR;1;REVISAR;REVISAR;REVISAR;REVISAR;REVISAR;"Crear según matriz PROMEDIOSDEALUMNOS_7804.xlsx / hoja matriz; no encontrado en listado existente INDICES por CODIGO_UNICO."
I162S2C98J4V1;162;2;98;4;1;DIPLOMADO EN HABILIDADES DIRECTIVAS PARA PROFESIONALES STEM;DIPLOMADO EN HABILIDADES DIRECTIVAS PARA PROFESIONALES STEM;3;1;NO APLICA;3;5;1;FALTA_CREAR_EN_INDICES;No existe coincidencia exacta por CODIGO_UNICO ni match auxiliar fuerte;PROMEDIOSDEALUMNOS_7804.xlsx / hoja matriz;NO;"Crear según PROMEDIOSDEALUMNOS_7804.xlsx hoja matriz; no encontrado en listado existente INDICES por CODIGO_UNICO.";Santiago;Diplomado;DIPLOMADO EN HABILIDADES DIRECTIVAS PARA PROFESIONALES STEM;REVISAR;REVISAR;República;Otro;Programa o Carrera Nueva(o);Programa Regular;No aplica;No presencial;REVISAR;REVISAR;REVISAR;REVISAR;REVISAR;REVISAR;REVISAR;1;REVISAR;REVISAR;REVISAR;REVISAR;REVISAR;"Crear según matriz PROMEDIOSDEALUMNOS_7804.xlsx / hoja matriz; no encontrado en listado existente INDICES por CODIGO_UNICO."
I162S2C99J4V1;162;2;99;4;1;DIPLOMADO EN GESTION PUBLICA LOCAL;DIPLOMADO EN GESTION PUBLICA LOCAL;3;1;NO APLICA;3;5;1;FALTA_CREAR_EN_INDICES;No existe coincidencia exacta por CODIGO_UNICO ni match auxiliar fuerte;PROMEDIOSDEALUMNOS_7804.xlsx / hoja matriz;NO;"Crear según PROMEDIOSDEALUMNOS_7804.xlsx hoja matriz; no encontrado en listado existente INDICES por CODIGO_UNICO.";Santiago;Diplomado;DIPLOMADO EN GESTION PUBLICA LOCAL;REVISAR;REVISAR;República;Otro;Programa o Carrera Nueva(o);Programa Regular;No aplica;No presencial;REVISAR;REVISAR;REVISAR;REVISAR;REVISAR;REVISAR;REVISAR;1;REVISAR;REVISAR;REVISAR;REVISAR;REVISAR;"Crear según matriz PROMEDIOSDEALUMNOS_7804.xlsx / hoja matriz; no encontrado en listado existente INDICES por CODIGO_UNICO."
I162S3C114J2V1;162;3;114;2;1;TECNICO EN ENFERMERIA E INSTRUMENTACION QUIRURGICA;TECNICO EN ENFERMERIA E INSTRUMENTACION QUIRURGICA;1;1;NO APLICA;1;1;1;FALTA_CREAR_EN_INDICES;No existe coincidencia exacta por CODIGO_UNICO ni match auxiliar fuerte;PROMEDIOSDEALUMNOS_7804.xlsx / hoja matriz;NO;"Crear según PROMEDIOSDEALUMNOS_7804.xlsx hoja matriz; no encontrado en listado existente INDICES por CODIGO_UNICO.";Concepción;Técnico Nivel Superior;TECNICO EN ENFERMERIA E INSTRUMENTACION QUIRURGICA;REVISAR;REVISAR;REVISAR;Vespertino;Programa o Carrera Nueva(o);Programa Regular;No aplica;Presencial;REVISAR;REVISAR;REVISAR;REVISAR;REVISAR;REVISAR;REVISAR;5;REVISAR;REVISAR;REVISAR;REVISAR;REVISAR;"Crear según matriz PROMEDIOSDEALUMNOS_7804.xlsx / hoja matriz; no encontrado en listado existente INDICES por CODIGO_UNICO."
I162S3C115J2V1;162;3;115;2;1;TECNICO EN FARMACIA;TECNICO EN FARMACIA;1;1;NO APLICA;1;1;1;FALTA_CREAR_EN_INDICES;No existe coincidencia exacta por CODIGO_UNICO ni match auxiliar fuerte;PROMEDIOSDEALUMNOS_7804.xlsx / hoja matriz;NO;"Crear según PROMEDIOSDEALUMNOS_7804.xlsx hoja matriz; no encontrado en listado existente INDICES por CODIGO_UNICO.";Concepción;Técnico Nivel Superior;TECNICO EN FARMACIA;REVISAR;REVISAR;REVISAR;Vespertino;Programa o Carrera Nueva(o);Programa Regular;No aplica;Presencial;REVISAR;REVISAR;REVISAR;REVISAR;REVISAR;REVISAR;REVISAR;5;REVISAR;REVISAR;REVISAR;REVISAR;REVISAR;"Crear según matriz PROMEDIOSDEALUMNOS_7804.xlsx / hoja matriz; no encontrado en listado existente INDICES por CODIGO_UNICO."
I162S3C91J2V1;162;3;91;2;1;TECNICO EN ENFERMERIA;TECNICO EN ENFERMERIA;1;1;NO APLICA;1;1;1;FALTA_CREAR_EN_INDICES;No existe coincidencia exacta por CODIGO_UNICO ni match auxiliar fuerte;PROMEDIOSDEALUMNOS_7804.xlsx / hoja matriz;NO;"Crear según PROMEDIOSDEALUMNOS_7804.xlsx hoja matriz; no encontrado en listado existente INDICES por CODIGO_UNICO.";Concepción;Técnico Nivel Superior;TECNICO EN ENFERMERIA;REVISAR;REVISAR;REVISAR;Vespertino;Programa o Carrera Nueva(o);Programa Regular;No aplica;Presencial;REVISAR;REVISAR;REVISAR;REVISAR;REVISAR;REVISAR;REVISAR;5;REVISAR;REVISAR;REVISAR;REVISAR;REVISAR;"Crear según matriz PROMEDIOSDEALUMNOS_7804.xlsx / hoja matriz; no encontrado en listado existente INDICES por CODIGO_UNICO."
