HOJA;N_COL;COLUMNA;FILAS;VACIOS;UNICOS;EJEMPLOS
RESUMEN_EJECUTIVO;1;CAMPO;13;0;13;FECHA_GENERACION | FUENTE_PRINCIPAL | FUENTE_EXISTENTES_INDICES | TOTAL_OFERTA_MATRIZ | TOTAL_VIGENTES
RESUMEN_EJECUTIVO;2;VALOR;13;0;12;2026-06-04 08:23:56 | PROMEDIOSDEALUMNOS_7804.xlsx / hoja matriz | indices_2025/cned/data/listado_referencia_cned.tsv | 139 | 64
RESUMEN_EJECUTIVO;3;DETALLE;13;0;13;Timestamp de ejecución | input/PROMEDIOSDEALUMNOS_7804.xlsx | Listado base de programas existentes | Total de registros en matriz | Todos los vigentes en matriz
PROGRAMAS_FALTANTES_PARA_CREAR;1;CODIGO_UNICO;71;0;71;I162S2C101J4V1 | I162S2C102J4V1 | I162S2C103J4V1 | I162S2C104J4V1 | I162S2C105J4V1
PROGRAMAS_FALTANTES_PARA_CREAR;2;CODIGO_IES_NUM;71;0;1;162
PROGRAMAS_FALTANTES_PARA_CREAR;3;COD_SEDE;71;0;2;2 | 3
PROGRAMAS_FALTANTES_PARA_CREAR;4;COD_CARRERA_DERIVADO;71;0;51;101 | 102 | 103 | 104 | 105
PROGRAMAS_FALTANTES_PARA_CREAR;5;JORNADA;71;0;4;4 | 1 | 2 | 3
PROGRAMAS_FALTANTES_PARA_CREAR;6;VERSION_DERIVADA;71;0;3;1 | 2 | 3
PROGRAMAS_FALTANTES_PARA_CREAR;7;NOMBRE_CARRERA_ORIGINAL;71;0;51;DIPLOMADO EN SALUD FAMILIAR CON ENFOQUE COMUNITARIO | DIPLOMADO SALUD CON FOCO EN MIGRACION | DIPLOMADO ABORDAJE INTEGRAL DE LA VIOLENCIA DE GENERO EN ATENCION PRIMARIA DE SALUD | DIPLOMADO EN INNOVACION PARA LA DOCENCIA | DIPLOMADO EN HUMANIZACION EN SALUD
PROGRAMAS_FALTANTES_PARA_CREAR;8;NOMBRE_CARRERA_NORMALIZADO;71;0;51;DIPLOMADO EN SALUD FAMILIAR CON ENFOQUE COMUNITARIO | DIPLOMADO SALUD CON FOCO EN MIGRACION | DIPLOMADO ABORDAJE INTEGRAL DE LA VIOLENCIA DE GENERO EN ATENCION PRIMARIA DE SALUD | DIPLOMADO EN INNOVACION PARA LA DOCENCIA | DIPLOMADO EN HUMANIZACION EN SALUD
PROGRAMAS_FALTANTES_PARA_CREAR;9;MODALIDAD_ORIGINAL;71;0;3;3 | 1 | 2
PROGRAMAS_FALTANTES_PARA_CREAR;10;TIPO_PLAN_CARRERA_ORIGINAL;71;0;2;1 | 3
PROGRAMAS_FALTANTES_PARA_CREAR;11;CARACT_PLAN_ESPECIAL_ORIGINAL;71;0;1;NO APLICA
PROGRAMAS_FALTANTES_PARA_CREAR;12;NIVEL_GLOBAL;71;0;2;3 | 1
PROGRAMAS_FALTANTES_PARA_CREAR;13;NIVEL_CARRERA;71;0;3;5 | 1 | 2
PROGRAMAS_FALTANTES_PARA_CREAR;14;VIGENCIA;71;0;1;1
PROGRAMAS_FALTANTES_PARA_CREAR;15;ESTADO_CRUCE_INDICES;71;0;1;FALTA_CREAR_EN_INDICES
PROGRAMAS_FALTANTES_PARA_CREAR;16;MOTIVO_ESTADO_CRUCE;71;0;1;No existe coincidencia exacta por CODIGO_UNICO ni match auxiliar fuerte
PROGRAMAS_FALTANTES_PARA_CREAR;17;FUENTE;71;0;1;PROMEDIOSDEALUMNOS_7804.xlsx / hoja matriz
PROGRAMAS_FALTANTES_PARA_CREAR;18;REVISADO_MANUALMENTE;71;0;1;NO
PROGRAMAS_FALTANTES_PARA_CREAR;19;OBSERVACION_AUDITORIA;71;0;1;"Crear según PROMEDIOSDEALUMNOS_7804.xlsx hoja matriz; no encontrado en listado existente INDICES por CODIGO_UNICO."
PROGRAMAS_FALTANTES_PARA_CREAR;20;Sede;71;0;2;Santiago | Concepción
PROGRAMAS_FALTANTES_PARA_CREAR;21;Tipo de Carrera;71;0;3;Diplomado | Técnico Nivel Superior | Profesional
PROGRAMAS_FALTANTES_PARA_CREAR;22;Nombre;71;0;51;DIPLOMADO EN SALUD FAMILIAR CON ENFOQUE COMUNITARIO | DIPLOMADO SALUD CON FOCO EN MIGRACION | DIPLOMADO ABORDAJE INTEGRAL DE LA VIOLENCIA DE GENERO EN ATENCION PRIMARIA DE SALUD | DIPLOMADO EN INNOVACION PARA LA DOCENCIA | DIPLOMADO EN HUMANIZACION EN SALUD
PROGRAMAS_FALTANTES_PARA_CREAR;23;Mención o Especialidad;71;0;1;REVISAR
PROGRAMAS_FALTANTES_PARA_CREAR;24;Año de inicio de Actividades;71;0;1;REVISAR
PROGRAMAS_FALTANTES_PARA_CREAR;25;Campus;71;0;2;República | REVISAR
PROGRAMAS_FALTANTES_PARA_CREAR;26;Horario;71;0;4;Otro | Diurno | Vespertino | REVISAR
PROGRAMAS_FALTANTES_PARA_CREAR;27;Estado;71;0;1;Programa o Carrera Nueva(o)
PROGRAMAS_FALTANTES_PARA_CREAR;28;Tipo Programa;71;0;2;Programa Regular | Programa Especial
PROGRAMAS_FALTANTES_PARA_CREAR;29;Detalle del Tipo de Programa (especiales);71;0;2;No aplica | REVISAR
PROGRAMAS_FALTANTES_PARA_CREAR;30;Modalidad del Programa;71;0;3;No presencial | Presencial | REVISAR
PROGRAMAS_FALTANTES_PARA_CREAR;31;Área del Conocimiento;71;0;1;REVISAR
PROGRAMAS_FALTANTES_PARA_CREAR;32;Sub Área;71;0;1;REVISAR
PROGRAMAS_FALTANTES_PARA_CREAR;33;Carrera Genérica;71;0;1;REVISAR
PROGRAMAS_FALTANTES_PARA_CREAR;34;Título que otorga el programa;71;0;1;REVISAR
PROGRAMAS_FALTANTES_PARA_CREAR;35;Grado Académico que otorga el programa;71;0;1;REVISAR
PROGRAMAS_FALTANTES_PARA_CREAR;36;Dependencia;71;0;1;REVISAR
PROGRAMAS_FALTANTES_PARA_CREAR;37;Régimen;71;0;1;REVISAR
PROGRAMAS_FALTANTES_PARA_CREAR;38;Duración del programa en Semestres;71;0;6;1 | 5 | 8 | 4 | 6
PROGRAMAS_FALTANTES_PARA_CREAR;39;Ingreso Directo;71;0;1;REVISAR
PROGRAMAS_FALTANTES_PARA_CREAR;40;Ingreso desde un plan Común;71;0;1;REVISAR
PROGRAMAS_FALTANTES_PARA_CREAR;41;Ingreso desde Bachillerato;71;0;1;REVISAR
PROGRAMAS_FALTANTES_PARA_CREAR;42;Otro Tipo de Ingreso;71;0;1;REVISAR
PROGRAMAS_FALTANTES_PARA_CREAR;43;Ingreso otro;71;0;1;REVISAR
PROGRAMAS_FALTANTES_PARA_CREAR;44;Observaciones;71;0;1;"Crear según matriz PROMEDIOSDEALUMNOS_7804.xlsx / hoja matriz; no encontrado en listado existente INDICES por CODIGO_UNICO."
PROGRAMAS_FALTANTES_PARA_CREAR;45;ANIO_INICIO;71;11;10;2025 | 2013 | 2026 |  | 1992
PROGRAMAS_FALTANTES_PARA_CREAR;46;REGIMEN;71;11;3;1 | 2 | 
PROGRAMAS_FALTANTES_PARA_CREAR;47;DURACION_REGIMEN;71;11;8;1 | 5 | 7 | 12 | 6
PROGRAMAS_FALTANTES_PARA_CREAR;48;NOMBRE_TITULO;71;11;46;DIPLOMADO EN SALUD FAMILIAR CON ENFOQUE COMUNITARIO | DIPLOMADO SALUD CON FOCO EN MIGRACION | DIPLOMADO ABORDAJE INTEGRAL DE LA VIOLENCIA DE GENERO EN APS | DIPLOMADO EN INNOVACION PARA LA DOCENCIA | DIPLOMADO EN HUMANIZACION EN SALUD
PROGRAMAS_FALTANTES_PARA_CREAR;49;ACREDITACION;71;11;2;2 | 
PROGRAMAS_FALTANTES_PARA_CREAR;50;REQUISITO_INGRESO;71;11;3;2 | 1 | 
PROGRAMAS_FALTANTES_PARA_CREAR;51;SEMESTRES_RECONOCIDOS;71;11;4;0 | 5 |  | 4
PROGRAMAS_FALTANTES_PARA_CREAR;52;AREA_ACTUAL;71;11;8;8 | 6 | 9 | 1 | 10
PROGRAMAS_FALTANTES_PARA_CREAR;53;AREA_ADMIN_DERECHO;71;11;3;0 | 1 | 
PROGRAMAS_FALTANTES_PARA_CREAR;54;AREA_AGRI_SILVI_PESCA_VET;71;11;2;0 | 
PROGRAMAS_FALTANTES_PARA_CREAR;55;AREA_ARTES_HUMANIDADES;71;11;2;0 | 
PROGRAMAS_FALTANTES_PARA_CREAR;56;AREA_CIENCIAS_NAT_MAT_ESTAD;71;11;3;0 |  | 1
PROGRAMAS_FALTANTES_PARA_CREAR;57;AREA_CS_SOCIAL_PERIODISMO_INFO;71;11;2;0 | 
PROGRAMAS_FALTANTES_PARA_CREAR;58;AREA_EDUCACION;71;11;2;0 | 
PROGRAMAS_FALTANTES_PARA_CREAR;59;AREA_INGE_INDUSTRIA_CONSTRUC;71;11;2;0 | 
PROGRAMAS_FALTANTES_PARA_CREAR;60;AREA_SALUD_BIENESTAR;71;11;3;0 | 1 | 
PROGRAMAS_FALTANTES_PARA_CREAR;61;AREA_SERVICIOS;71;11;3;0 | 1 | 
PROGRAMAS_FALTANTES_PARA_CREAR;62;AREA_TECNO_INFO_COMUNICA;71;11;3;0 | 1 | 
PROGRAMAS_FALTANTES_PARA_CREAR;63;VACANTES_PRIMER_SEMESTRE;71;11;14;25 | 0 | 45 | 5 | 55
PROGRAMAS_FALTANTES_PARA_CREAR;64;VACANTES_SEGUNDO_SEMESTRE;71;11;3;25 | 0 | 
PROGRAMAS_FALTANTES_PARA_CREAR;65;FECHA_ADMISION_INICIAL;71;0;1;REVISAR
PROGRAMAS_FALTANTES_PARA_CREAR;66;MALLA_CURRICULAR;71;0;1;REVISAR
PROGRAMAS_FALTANTES_PARA_CREAR;67;PERFIL_EGRESO;71;0;1;REVISAR
PROGRAMAS_FALTANTES_PARA_CREAR;68;TEXTO_REQUISITO_INGRESO;71;0;1;REVISAR
PROGRAMAS_FALTANTES_PARA_CREAR;69;LICENCIA_ENS_MEDIA;71;0;1;REVISAR
PROGRAMAS_FALTANTES_PARA_CREAR;70;NOTAS_ENS_MEDIA;71;0;1;REVISAR
PROGRAMAS_FALTANTES_PARA_CREAR;71;PROMEDIO_MIN_ENS_MEDIA;71;0;1;REVISAR
PROGRAMAS_FALTANTES_PARA_CREAR;72;RECONOCIMIENTOS_APREN_PREVIOS;71;0;1;REVISAR
PROGRAMAS_FALTANTES_PARA_CREAR;73;EXPERIENCIA_LABORAL;71;0;1;REVISAR
PROGRAMAS_FALTANTES_PARA_CREAR;74;OTROS_REQUISITOS;71;0;1;REVISAR
PROGRAMAS_FALTANTES_PARA_CREAR;75;MAIL_DIFUSION_CARRERA;71;0;1;REVISAR
PROGRAMAS_FALTANTES_PARA_CREAR;76;FORMATO_VALOR;71;0;1;REVISAR
PROGRAMAS_FALTANTES_PARA_CREAR;77;VALOR_MATRICULA_ANUAL;71;0;1;REVISAR
PROGRAMAS_FALTANTES_PARA_CREAR;78;COSTO_TITULACION;71;0;1;REVISAR
PROGRAMAS_FALTANTES_PARA_CREAR;79;VALOR_CERTIFICADO_DIPLOMA;71;0;1;REVISAR
PROGRAMAS_FALTANTES_PARA_CREAR;80;ARANCEL_ANUAL;71;0;1;REVISAR
PROGRAMAS_FALTANTES_PARA_CREAR;81;VIGENCIA_CARRERA;71;0;1;REVISAR
PROGRAMAS_FALTANTES_PARA_CREAR;82;MATCH_STATUS;71;0;2;MATCH_UNICO | SIN_MATCH
PROGRAMAS_FALTANTES_PARA_CREAR;83;MATCH_METHOD;71;0;2;P1_CODIGO_UNICO_EXACTO | SIN_MATCH
PROGRAMAS_FALTANTES_PARA_CREAR;84;MATCH_KEY;71;0;66;I162S2C101J4V1 | I162S2C102J4V1 | I162S2C103J4V1 | I162S2C104J4V1 | I162S2C105J4V1
PROGRAMAS_FALTANTES_PARA_CREAR;85;MATCH_COUNT;71;0;2;1 | 0
PROGRAMAS_FALTANTES_PARA_CREAR;86;MATCH_CODIGO_UNICO_DERIVADO;71;11;61;I162S2C101J4V1 | I162S2C102J4V1 | I162S2C103J4V1 | I162S2C104J4V1 | I162S2C105J4V1
NO_CREAR_CUBIERTO;1;CODIGO_IES_NUM;2;0;1;162
NO_CREAR_CUBIERTO;2;CODIGO_UNICO;2;0;2;I162S2C3J1V1 | I162S2C3J2V1
NO_CREAR_CUBIERTO;3;NOMBRE_IES;2;0;1;IP SAN SEBASTIAN
NO_CREAR_CUBIERTO;4;COD_SEDE;2;0;1;2
NO_CREAR_CUBIERTO;5;NOMBRE_SEDE;2;0;1;CASA CENTRAL (SANTIAGO)
NO_CREAR_CUBIERTO;6;NOMBRE_CARRERA;2;0;1;INGENIERIA EN CONECTIVIDAD Y REDES
NO_CREAR_CUBIERTO;7;MODALIDAD;2;0;1;1
NO_CREAR_CUBIERTO;8;JORNADA;2;0;2;1 | 2
NO_CREAR_CUBIERTO;9;TIPO_PLAN_CARRERA;2;0;1;1
NO_CREAR_CUBIERTO;10;CARACT_PLAN_ESPECIAL;2;0;1;NO APLICA
NO_CREAR_CUBIERTO;11;DURACION_ESTUDIOS;2;0;1;8
NO_CREAR_CUBIERTO;12;DURACION_TITULACION;2;0;1;0
NO_CREAR_CUBIERTO;13;DURACION_TOTAL;2;0;1;8
NO_CREAR_CUBIERTO;14;COMUNA_SEDE;2;0;1;SANTIAGO
NO_CREAR_CUBIERTO;15;PROVINCIA_SEDE;2;0;1;SANTIAGO
NO_CREAR_CUBIERTO;16;REGION_SEDE;2;0;1;Metropolitana
NO_CREAR_CUBIERTO;17;NIVEL_GLOBAL;2;0;1;1
NO_CREAR_CUBIERTO;18;NIVEL_CARRERA;2;0;1;2
NO_CREAR_CUBIERTO;19;VIGENCIA;2;0;1;1
NO_CREAR_CUBIERTO;20;CODIGO_UNICO_FORMATO_VALIDO;2;0;1;SI
NO_CREAR_CUBIERTO;21;CODIGO_IES_DERIVADO;2;0;1;162
NO_CREAR_CUBIERTO;22;COD_SEDE_DERIVADO;2;0;1;2
NO_CREAR_CUBIERTO;23;COD_CARRERA_DERIVADO;2;0;1;3
NO_CREAR_CUBIERTO;24;JORNADA_DERIVADA;2;0;2;1 | 2
NO_CREAR_CUBIERTO;25;VERSION_DERIVADA;2;0;1;1
NO_CREAR_CUBIERTO;26;NOMBRE_CARRERA_NORMALIZADO;2;0;1;INGENIERIA EN CONECTIVIDAD Y REDES
NO_CREAR_CUBIERTO;27;NOMBRE_SEDE_NORMALIZADO;2;0;1;CASA CENTRAL SANTIAGO
NO_CREAR_CUBIERTO;28;FUENTE_ARCHIVO;2;0;1;input/PROMEDIOSDEALUMNOS_7804.xlsx
NO_CREAR_CUBIERTO;29;FUENTE_HOJA;2;0;1;matriz
NO_CREAR_CUBIERTO;30;VALIDACION_COD_SEDE;2;0;1;OK
NO_CREAR_CUBIERTO;31;CLAVE_AUXILIAR_NOMBRE_SEDE_JORNADA;2;0;2;INGENIERIA EN CONECTIVIDAD Y REDES|CASA CENTRAL SANTIAGO|1 | INGENIERIA EN CONECTIVIDAD Y REDES|CASA CENTRAL SANTIAGO|2
NO_CREAR_CUBIERTO;32;CLAVE_AUXILIAR_ESTRUCTURAL;2;0;2;INGENIERIA EN CONECTIVIDAD Y REDES|CASA CENTRAL SANTIAGO|1|1|1|8|1|2 | INGENIERIA EN CONECTIVIDAD Y REDES|CASA CENTRAL SANTIAGO|1|2|1|8|1|2
NO_CREAR_CUBIERTO;33;ES_VIGENTE;2;0;1;SI
NO_CREAR_CUBIERTO;34;ES_PREGRADO;2;0;1;SI
NO_CREAR_CUBIERTO;35;ES_POSGRADO_POSTITULO_DIPLOMADO;2;0;1;NO
NO_CREAR_CUBIERTO;36;ES_DIPLOMADO;2;0;1;NO
NO_CREAR_CUBIERTO;37;ES_TECNICO;2;0;1;NO
NO_CREAR_CUBIERTO;38;ES_PROFESIONAL;2;0;1;SI
NO_CREAR_CUBIERTO;39;ES_PROGRAMA_ESPECIAL;2;0;1;NO
NO_CREAR_CUBIERTO;40;ES_PROGRAMA_REGULAR;2;0;1;SI
NO_CREAR_CUBIERTO;41;ALCANCE_INDICES_CREAR_PROGRAMA;2;0;1;SI
NO_CREAR_CUBIERTO;42;MOTIVO_ALCANCE;2;0;1;VIGENTE_EN_MATRIZ
NO_CREAR_CUBIERTO;43;NIVEL_BUCKET;2;0;1;PREGRADO
NO_CREAR_CUBIERTO;44;TIPO_CARRERA_FORM;2;0;1;Profesional
NO_CREAR_CUBIERTO;45;HORARIO_FORM;2;0;2;Diurno | Vespertino
NO_CREAR_CUBIERTO;46;MODALIDAD_FORM;2;0;1;Presencial
NO_CREAR_CUBIERTO;47;TIPO_PROGRAMA_FORM;2;0;1;Programa Regular
NO_CREAR_CUBIERTO;48;SEDE_PLATAFORMA;2;0;1;Santiago
NO_CREAR_CUBIERTO;49;SEDE_PLATAFORMA_NORMALIZADA;2;0;1;SANTIAGO
NO_CREAR_CUBIERTO;50;ESTADO_CRUCE_INDICES;2;0;1;DUDOSO_REVISAR_MANUAL
NO_CREAR_CUBIERTO;51;MOTIVO_ESTADO_CRUCE;2;0;1;Coincidencia auxiliar fuerte sin coincidencia exacta por CODIGO_UNICO
NO_CREAR_CUBIERTO;52;CODIGO_UNICO_MATCH;2;0;2;I162S2C3J1V2 | I162S2C3J2V4
NO_CREAR_CUBIERTO;53;TIPO_MATCH;2;0;1;AUXILIAR_FUERTE
NO_CREAR_CUBIERTO;54;CONFIANZA_MATCH;2;0;1;ALTA
NO_CREAR_CUBIERTO;55;OBSERVACION_AUDITORIA;2;0;2;"Coincidencias auxiliares=1; Cod.Carr. existente=['6679']; Codigo SIES existente=['I162S2C3J1V2'] | Coincidencias auxiliares=1; Cod.Carr. existente=['6680']; Codigo SIES existente=['I162S2C3J2V4']"
NO_CREAR_CUBIERTO;56;REQUIERE_CREACION_MANUAL;2;0;1;NO
NO_CREAR_CUBIERTO;57;DICTAMEN_RECOMENDADO;2;0;1;NO_CREAR_YA_CUBIERTO_POR_VERSION_POSTERIOR
NO_CREAR_CUBIERTO;58;ACCION_EXCEL;2;0;1;crear hoja NO_CREAR_CUBIERTO
NO_CREAR_CUBIERTO;59;MOTIVO_DICTAMEN;2;0;2;"Existe version posterior estructural I162S2C3J1V2 con mismo nombre, sede, jornada, modalidad, tipo plan, duracion, nivel global y nivel carrera; ademas dicha version posterior aparece en la referencia CNED/INDICES. | Existe version posterior estructural I162S2C3J2V4 con mismo nombre, sede, jornada, modalidad, tipo plan, duracion, nivel global y nivel carrera; ademas dicha version posterior aparece en la referencia CNED/INDICES."
NO_CREAR_CUBIERTO;60;REQUIERE_DECISION_INSTITUCIONAL;2;0;1;NO
NO_CREAR_CUBIERTO;61;FUENTE_RESOLUCION;2;0;1;/Users/alexi/Documents/GitHub/avance_curricular/indices_2025/cned/resultados/CNED_RESOLUCION_DUDOSOS_4_CASOS_20260604_084306.xlsx
NO_CREAR_CUBIERTO;62;FECHA_RESOLUCION;2;0;1;2026-06-04 09:15:47 -04
REQUIERE_DECISION_INSTITUCIONAL;1;CODIGO_IES_NUM;2;0;1;162
REQUIERE_DECISION_INSTITUCIONAL;2;CODIGO_UNICO;2;0;2;I162S2C1J4V1 | I162S2C3J4V1
REQUIERE_DECISION_INSTITUCIONAL;3;NOMBRE_IES;2;0;1;IP CIISA
REQUIERE_DECISION_INSTITUCIONAL;4;COD_SEDE;2;0;1;2
REQUIERE_DECISION_INSTITUCIONAL;5;NOMBRE_SEDE;2;0;1;CASA CENTRAL (SANTIAGO)
REQUIERE_DECISION_INSTITUCIONAL;6;NOMBRE_CARRERA;2;0;2;INGENIERIA EN INFORMATICA | INGENIERIA EN CONECTIVIDAD Y REDES
REQUIERE_DECISION_INSTITUCIONAL;7;MODALIDAD;2;0;1;3
REQUIERE_DECISION_INSTITUCIONAL;8;JORNADA;2;0;1;4
REQUIERE_DECISION_INSTITUCIONAL;9;TIPO_PLAN_CARRERA;2;0;1;1
REQUIERE_DECISION_INSTITUCIONAL;10;CARACT_PLAN_ESPECIAL;2;0;1;NO APLICA
REQUIERE_DECISION_INSTITUCIONAL;11;DURACION_ESTUDIOS;2;0;1;8
REQUIERE_DECISION_INSTITUCIONAL;12;DURACION_TITULACION;2;0;1;0
REQUIERE_DECISION_INSTITUCIONAL;13;DURACION_TOTAL;2;0;1;8
REQUIERE_DECISION_INSTITUCIONAL;14;COMUNA_SEDE;2;0;1;SANTIAGO
REQUIERE_DECISION_INSTITUCIONAL;15;PROVINCIA_SEDE;2;0;1;SANTIAGO
REQUIERE_DECISION_INSTITUCIONAL;16;REGION_SEDE;2;0;1;Metropolitana
REQUIERE_DECISION_INSTITUCIONAL;17;NIVEL_GLOBAL;2;0;1;1
REQUIERE_DECISION_INSTITUCIONAL;18;NIVEL_CARRERA;2;0;1;2
REQUIERE_DECISION_INSTITUCIONAL;19;VIGENCIA;2;0;1;1
REQUIERE_DECISION_INSTITUCIONAL;20;CODIGO_UNICO_FORMATO_VALIDO;2;0;1;SI
REQUIERE_DECISION_INSTITUCIONAL;21;CODIGO_IES_DERIVADO;2;0;1;162
REQUIERE_DECISION_INSTITUCIONAL;22;COD_SEDE_DERIVADO;2;0;1;2
REQUIERE_DECISION_INSTITUCIONAL;23;COD_CARRERA_DERIVADO;2;0;2;1 | 3
REQUIERE_DECISION_INSTITUCIONAL;24;JORNADA_DERIVADA;2;0;1;4
REQUIERE_DECISION_INSTITUCIONAL;25;VERSION_DERIVADA;2;0;1;1
REQUIERE_DECISION_INSTITUCIONAL;26;NOMBRE_CARRERA_NORMALIZADO;2;0;2;INGENIERIA EN INFORMATICA | INGENIERIA EN CONECTIVIDAD Y REDES
REQUIERE_DECISION_INSTITUCIONAL;27;NOMBRE_SEDE_NORMALIZADO;2;0;1;CASA CENTRAL SANTIAGO
REQUIERE_DECISION_INSTITUCIONAL;28;FUENTE_ARCHIVO;2;0;1;input/PROMEDIOSDEALUMNOS_7804.xlsx
REQUIERE_DECISION_INSTITUCIONAL;29;FUENTE_HOJA;2;0;1;matriz
REQUIERE_DECISION_INSTITUCIONAL;30;VALIDACION_COD_SEDE;2;0;1;OK
REQUIERE_DECISION_INSTITUCIONAL;31;CLAVE_AUXILIAR_NOMBRE_SEDE_JORNADA;2;0;2;INGENIERIA EN INFORMATICA|CASA CENTRAL SANTIAGO|4 | INGENIERIA EN CONECTIVIDAD Y REDES|CASA CENTRAL SANTIAGO|4
REQUIERE_DECISION_INSTITUCIONAL;32;CLAVE_AUXILIAR_ESTRUCTURAL;2;0;2;INGENIERIA EN INFORMATICA|CASA CENTRAL SANTIAGO|3|4|1|8|1|2 | INGENIERIA EN CONECTIVIDAD Y REDES|CASA CENTRAL SANTIAGO|3|4|1|8|1|2
REQUIERE_DECISION_INSTITUCIONAL;33;ES_VIGENTE;2;0;1;SI
REQUIERE_DECISION_INSTITUCIONAL;34;ES_PREGRADO;2;0;1;SI
REQUIERE_DECISION_INSTITUCIONAL;35;ES_POSGRADO_POSTITULO_DIPLOMADO;2;0;1;NO
REQUIERE_DECISION_INSTITUCIONAL;36;ES_DIPLOMADO;2;0;1;NO
REQUIERE_DECISION_INSTITUCIONAL;37;ES_TECNICO;2;0;1;NO
REQUIERE_DECISION_INSTITUCIONAL;38;ES_PROFESIONAL;2;0;1;SI
REQUIERE_DECISION_INSTITUCIONAL;39;ES_PROGRAMA_ESPECIAL;2;0;1;NO
REQUIERE_DECISION_INSTITUCIONAL;40;ES_PROGRAMA_REGULAR;2;0;1;SI
REQUIERE_DECISION_INSTITUCIONAL;41;ALCANCE_INDICES_CREAR_PROGRAMA;2;0;1;SI
REQUIERE_DECISION_INSTITUCIONAL;42;MOTIVO_ALCANCE;2;0;1;VIGENTE_EN_MATRIZ
REQUIERE_DECISION_INSTITUCIONAL;43;NIVEL_BUCKET;2;0;1;PREGRADO
REQUIERE_DECISION_INSTITUCIONAL;44;TIPO_CARRERA_FORM;2;0;1;Profesional
REQUIERE_DECISION_INSTITUCIONAL;45;HORARIO_FORM;2;0;1;Otro
REQUIERE_DECISION_INSTITUCIONAL;46;MODALIDAD_FORM;2;0;1;No presencial
REQUIERE_DECISION_INSTITUCIONAL;47;TIPO_PROGRAMA_FORM;2;0;1;Programa Regular
REQUIERE_DECISION_INSTITUCIONAL;48;SEDE_PLATAFORMA;2;0;1;Santiago
REQUIERE_DECISION_INSTITUCIONAL;49;SEDE_PLATAFORMA_NORMALIZADA;2;0;1;SANTIAGO
REQUIERE_DECISION_INSTITUCIONAL;50;ESTADO_CRUCE_INDICES;2;0;1;DUDOSO_REVISAR_MANUAL
REQUIERE_DECISION_INSTITUCIONAL;51;MOTIVO_ESTADO_CRUCE;2;0;1;Coincidencia auxiliar fuerte sin coincidencia exacta por CODIGO_UNICO
REQUIERE_DECISION_INSTITUCIONAL;52;CODIGO_UNICO_MATCH;2;0;2;I162S2C46J4V2 | I162S2C3J4V2
REQUIERE_DECISION_INSTITUCIONAL;53;TIPO_MATCH;2;0;1;AUXILIAR_FUERTE
REQUIERE_DECISION_INSTITUCIONAL;54;CONFIANZA_MATCH;2;0;1;ALTA
REQUIERE_DECISION_INSTITUCIONAL;55;OBSERVACION_AUDITORIA;2;0;2;"Coincidencias auxiliares=1; Cod.Carr. existente=['38817']; Codigo SIES existente=['I162S2C46J4V2'] | Coincidencias auxiliares=1; Cod.Carr. existente=['38816']; Codigo SIES existente=['I162S2C3J4V2']"
REQUIERE_DECISION_INSTITUCIONAL;56;REQUIERE_CREACION_MANUAL;2;0;1;NO
REQUIERE_DECISION_INSTITUCIONAL;57;DICTAMEN_RECOMENDADO;2;0;1;MANTENER_EN_DUDOSOS_REVISAR_MANUAL
REQUIERE_DECISION_INSTITUCIONAL;58;ACCION_EXCEL;2;0;1;crear hoja REQUIERE_DECISION_INSTITUCIONAL
REQUIERE_DECISION_INSTITUCIONAL;59;MOTIVO_DICTAMEN;2;0;2;Registro vigente de IP CIISA con version posterior estructural I162S2C1J4V2 bajo IP SAN SEBASTIAN. La cobertura historica no debe decidirse automaticamente dentro del universo actual de IP SAN SEBASTIAN. La referencia contiene I162S2C1J4V2 pero con descripcion 'Ingeniería en Informática (P.E.)' y tipo 'Programa Especial', mientras matriz lo documenta como 'INGENIERIA EN INFORMATICA' y tipo 'Programa Regular'. | Registro vigente de IP CIISA con version posterior estructural I162S2C3J4V2 bajo IP SAN SEBASTIAN. La cobertura historica no debe decidirse automaticamente dentro del universo actual de IP SAN SEBASTIAN.
REQUIERE_DECISION_INSTITUCIONAL;60;REQUIERE_DECISION_INSTITUCIONAL;2;0;1;SI
REQUIERE_DECISION_INSTITUCIONAL;61;FUENTE_RESOLUCION;2;0;1;/Users/alexi/Documents/GitHub/avance_curricular/indices_2025/cned/resultados/CNED_RESOLUCION_DUDOSOS_4_CASOS_20260604_084306.xlsx
REQUIERE_DECISION_INSTITUCIONAL;62;FECHA_RESOLUCION;2;0;1;2026-06-04 09:15:47 -04
DUDOSOS_REV_MANUAL_RESUELTOS;1;CODIGO_IES_NUM;4;0;1;162
DUDOSOS_REV_MANUAL_RESUELTOS;2;CODIGO_UNICO;4;0;4;I162S2C1J4V1 | I162S2C3J1V1 | I162S2C3J2V1 | I162S2C3J4V1
DUDOSOS_REV_MANUAL_RESUELTOS;3;NOMBRE_IES;4;0;2;IP CIISA | IP SAN SEBASTIAN
DUDOSOS_REV_MANUAL_RESUELTOS;4;COD_SEDE;4;0;1;2
DUDOSOS_REV_MANUAL_RESUELTOS;5;NOMBRE_SEDE;4;0;1;CASA CENTRAL (SANTIAGO)
DUDOSOS_REV_MANUAL_RESUELTOS;6;NOMBRE_CARRERA;4;0;2;INGENIERIA EN INFORMATICA | INGENIERIA EN CONECTIVIDAD Y REDES
DUDOSOS_REV_MANUAL_RESUELTOS;7;MODALIDAD;4;0;2;3 | 1
DUDOSOS_REV_MANUAL_RESUELTOS;8;JORNADA;4;0;3;4 | 1 | 2
DUDOSOS_REV_MANUAL_RESUELTOS;9;TIPO_PLAN_CARRERA;4;0;1;1
DUDOSOS_REV_MANUAL_RESUELTOS;10;CARACT_PLAN_ESPECIAL;4;0;1;NO APLICA
DUDOSOS_REV_MANUAL_RESUELTOS;11;DURACION_ESTUDIOS;4;0;1;8
DUDOSOS_REV_MANUAL_RESUELTOS;12;DURACION_TITULACION;4;0;1;0
DUDOSOS_REV_MANUAL_RESUELTOS;13;DURACION_TOTAL;4;0;1;8
DUDOSOS_REV_MANUAL_RESUELTOS;14;COMUNA_SEDE;4;0;1;SANTIAGO
DUDOSOS_REV_MANUAL_RESUELTOS;15;PROVINCIA_SEDE;4;0;1;SANTIAGO
DUDOSOS_REV_MANUAL_RESUELTOS;16;REGION_SEDE;4;0;1;Metropolitana
DUDOSOS_REV_MANUAL_RESUELTOS;17;NIVEL_GLOBAL;4;0;1;1
DUDOSOS_REV_MANUAL_RESUELTOS;18;NIVEL_CARRERA;4;0;1;2
DUDOSOS_REV_MANUAL_RESUELTOS;19;VIGENCIA;4;0;1;1
DUDOSOS_REV_MANUAL_RESUELTOS;20;CODIGO_UNICO_FORMATO_VALIDO;4;0;1;SI
DUDOSOS_REV_MANUAL_RESUELTOS;21;CODIGO_IES_DERIVADO;4;0;1;162
DUDOSOS_REV_MANUAL_RESUELTOS;22;COD_SEDE_DERIVADO;4;0;1;2
DUDOSOS_REV_MANUAL_RESUELTOS;23;COD_CARRERA_DERIVADO;4;0;2;1 | 3
DUDOSOS_REV_MANUAL_RESUELTOS;24;JORNADA_DERIVADA;4;0;3;4 | 1 | 2
DUDOSOS_REV_MANUAL_RESUELTOS;25;VERSION_DERIVADA;4;0;1;1
DUDOSOS_REV_MANUAL_RESUELTOS;26;NOMBRE_CARRERA_NORMALIZADO;4;0;2;INGENIERIA EN INFORMATICA | INGENIERIA EN CONECTIVIDAD Y REDES
DUDOSOS_REV_MANUAL_RESUELTOS;27;NOMBRE_SEDE_NORMALIZADO;4;0;1;CASA CENTRAL SANTIAGO
DUDOSOS_REV_MANUAL_RESUELTOS;28;FUENTE_ARCHIVO;4;0;1;input/PROMEDIOSDEALUMNOS_7804.xlsx
DUDOSOS_REV_MANUAL_RESUELTOS;29;FUENTE_HOJA;4;0;1;matriz
DUDOSOS_REV_MANUAL_RESUELTOS;30;VALIDACION_COD_SEDE;4;0;1;OK
DUDOSOS_REV_MANUAL_RESUELTOS;31;CLAVE_AUXILIAR_NOMBRE_SEDE_JORNADA;4;0;4;INGENIERIA EN INFORMATICA|CASA CENTRAL SANTIAGO|4 | INGENIERIA EN CONECTIVIDAD Y REDES|CASA CENTRAL SANTIAGO|1 | INGENIERIA EN CONECTIVIDAD Y REDES|CASA CENTRAL SANTIAGO|2 | INGENIERIA EN CONECTIVIDAD Y REDES|CASA CENTRAL SANTIAGO|4
DUDOSOS_REV_MANUAL_RESUELTOS;32;CLAVE_AUXILIAR_ESTRUCTURAL;4;0;4;INGENIERIA EN INFORMATICA|CASA CENTRAL SANTIAGO|3|4|1|8|1|2 | INGENIERIA EN CONECTIVIDAD Y REDES|CASA CENTRAL SANTIAGO|1|1|1|8|1|2 | INGENIERIA EN CONECTIVIDAD Y REDES|CASA CENTRAL SANTIAGO|1|2|1|8|1|2 | INGENIERIA EN CONECTIVIDAD Y REDES|CASA CENTRAL SANTIAGO|3|4|1|8|1|2
DUDOSOS_REV_MANUAL_RESUELTOS;33;ES_VIGENTE;4;0;1;SI
DUDOSOS_REV_MANUAL_RESUELTOS;34;ES_PREGRADO;4;0;1;SI
DUDOSOS_REV_MANUAL_RESUELTOS;35;ES_POSGRADO_POSTITULO_DIPLOMADO;4;0;1;NO
DUDOSOS_REV_MANUAL_RESUELTOS;36;ES_DIPLOMADO;4;0;1;NO
DUDOSOS_REV_MANUAL_RESUELTOS;37;ES_TECNICO;4;0;1;NO
DUDOSOS_REV_MANUAL_RESUELTOS;38;ES_PROFESIONAL;4;0;1;SI
DUDOSOS_REV_MANUAL_RESUELTOS;39;ES_PROGRAMA_ESPECIAL;4;0;1;NO
DUDOSOS_REV_MANUAL_RESUELTOS;40;ES_PROGRAMA_REGULAR;4;0;1;SI
DUDOSOS_REV_MANUAL_RESUELTOS;41;ALCANCE_INDICES_CREAR_PROGRAMA;4;0;1;SI
DUDOSOS_REV_MANUAL_RESUELTOS;42;MOTIVO_ALCANCE;4;0;1;VIGENTE_EN_MATRIZ
DUDOSOS_REV_MANUAL_RESUELTOS;43;NIVEL_BUCKET;4;0;1;PREGRADO
DUDOSOS_REV_MANUAL_RESUELTOS;44;TIPO_CARRERA_FORM;4;0;1;Profesional
DUDOSOS_REV_MANUAL_RESUELTOS;45;HORARIO_FORM;4;0;3;Otro | Diurno | Vespertino
DUDOSOS_REV_MANUAL_RESUELTOS;46;MODALIDAD_FORM;4;0;2;No presencial | Presencial
DUDOSOS_REV_MANUAL_RESUELTOS;47;TIPO_PROGRAMA_FORM;4;0;1;Programa Regular
DUDOSOS_REV_MANUAL_RESUELTOS;48;SEDE_PLATAFORMA;4;0;1;Santiago
DUDOSOS_REV_MANUAL_RESUELTOS;49;SEDE_PLATAFORMA_NORMALIZADA;4;0;1;SANTIAGO
DUDOSOS_REV_MANUAL_RESUELTOS;50;ESTADO_CRUCE_INDICES;4;0;1;DUDOSO_REVISAR_MANUAL
DUDOSOS_REV_MANUAL_RESUELTOS;51;MOTIVO_ESTADO_CRUCE;4;0;1;Coincidencia auxiliar fuerte sin coincidencia exacta por CODIGO_UNICO
DUDOSOS_REV_MANUAL_RESUELTOS;52;CODIGO_UNICO_MATCH;4;0;4;I162S2C46J4V2 | I162S2C3J1V2 | I162S2C3J2V4 | I162S2C3J4V2
DUDOSOS_REV_MANUAL_RESUELTOS;53;TIPO_MATCH;4;0;1;AUXILIAR_FUERTE
DUDOSOS_REV_MANUAL_RESUELTOS;54;CONFIANZA_MATCH;4;0;1;ALTA
DUDOSOS_REV_MANUAL_RESUELTOS;55;OBSERVACION_AUDITORIA;4;0;4;"Coincidencias auxiliares=1; Cod.Carr. existente=['38817']; Codigo SIES existente=['I162S2C46J4V2'] | Coincidencias auxiliares=1; Cod.Carr. existente=['6679']; Codigo SIES existente=['I162S2C3J1V2'] | Coincidencias auxiliares=1; Cod.Carr. existente=['6680']; Codigo SIES existente=['I162S2C3J2V4'] | Coincidencias auxiliares=1; Cod.Carr. existente=['38816']; Codigo SIES existente=['I162S2C3J4V2']"
DUDOSOS_REV_MANUAL_RESUELTOS;56;REQUIERE_CREACION_MANUAL;4;0;1;NO
DUDOSOS_REV_MANUAL_RESUELTOS;57;DICTAMEN_RECOMENDADO;4;0;2;MANTENER_EN_DUDOSOS_REVISAR_MANUAL | NO_CREAR_YA_CUBIERTO_POR_VERSION_POSTERIOR
DUDOSOS_REV_MANUAL_RESUELTOS;58;ACCION_EXCEL;4;0;2;crear hoja REQUIERE_DECISION_INSTITUCIONAL | crear hoja NO_CREAR_CUBIERTO
DUDOSOS_REV_MANUAL_RESUELTOS;59;MOTIVO_DICTAMEN;4;0;4;"Registro vigente de IP CIISA con version posterior estructural I162S2C1J4V2 bajo IP SAN SEBASTIAN. La cobertura historica no debe decidirse automaticamente dentro del universo actual de IP SAN SEBASTIAN. La referencia contiene I162S2C1J4V2 pero con descripcion 'Ingeniería en Informática (P.E.)' y tipo 'Programa Especial', mientras matriz lo documenta como 'INGENIERIA EN INFORMATICA' y tipo 'Programa Regular'. | Existe version posterior estructural I162S2C3J1V2 con mismo nombre, sede, jornada, modalidad, tipo plan, duracion, nivel global y nivel carrera; ademas dicha version posterior aparece en la referencia CNED/INDICES. | Existe version posterior estructural I162S2C3J2V4 con mismo nombre, sede, jornada, modalidad, tipo plan, duracion, nivel global y nivel carrera; ademas dicha version posterior aparece en la referencia CNED/INDICES. | Registro vigente de IP CIISA con version posterior estructural I162S2C3J4V2 bajo IP SAN SEBASTIAN. La cobertura historica no debe decidirse automaticamente dentro del universo actual de IP SAN SEBASTIAN."
DUDOSOS_REV_MANUAL_RESUELTOS;60;REQUIERE_DECISION_INSTITUCIONAL;4;0;2;SI | NO
DUDOSOS_REV_MANUAL_RESUELTOS;61;FUENTE_RESOLUCION;4;0;1;/Users/alexi/Documents/GitHub/avance_curricular/indices_2025/cned/resultados/CNED_RESOLUCION_DUDOSOS_4_CASOS_20260604_084306.xlsx
DUDOSOS_REV_MANUAL_RESUELTOS;62;FECHA_RESOLUCION;4;0;1;2026-06-04 09:15:47 -04
DUDOSOS_REV_MANUAL_ACTUALIZADO;1;CODIGO_IES_NUM;0;0;0;
DUDOSOS_REV_MANUAL_ACTUALIZADO;2;CODIGO_UNICO;0;0;0;
DUDOSOS_REV_MANUAL_ACTUALIZADO;3;NOMBRE_IES;0;0;0;
DUDOSOS_REV_MANUAL_ACTUALIZADO;4;COD_SEDE;0;0;0;
DUDOSOS_REV_MANUAL_ACTUALIZADO;5;NOMBRE_SEDE;0;0;0;
DUDOSOS_REV_MANUAL_ACTUALIZADO;6;NOMBRE_CARRERA;0;0;0;
DUDOSOS_REV_MANUAL_ACTUALIZADO;7;MODALIDAD;0;0;0;
DUDOSOS_REV_MANUAL_ACTUALIZADO;8;JORNADA;0;0;0;
DUDOSOS_REV_MANUAL_ACTUALIZADO;9;TIPO_PLAN_CARRERA;0;0;0;
DUDOSOS_REV_MANUAL_ACTUALIZADO;10;CARACT_PLAN_ESPECIAL;0;0;0;
DUDOSOS_REV_MANUAL_ACTUALIZADO;11;DURACION_ESTUDIOS;0;0;0;
DUDOSOS_REV_MANUAL_ACTUALIZADO;12;DURACION_TITULACION;0;0;0;
DUDOSOS_REV_MANUAL_ACTUALIZADO;13;DURACION_TOTAL;0;0;0;
DUDOSOS_REV_MANUAL_ACTUALIZADO;14;COMUNA_SEDE;0;0;0;
DUDOSOS_REV_MANUAL_ACTUALIZADO;15;PROVINCIA_SEDE;0;0;0;
DUDOSOS_REV_MANUAL_ACTUALIZADO;16;REGION_SEDE;0;0;0;
DUDOSOS_REV_MANUAL_ACTUALIZADO;17;NIVEL_GLOBAL;0;0;0;
DUDOSOS_REV_MANUAL_ACTUALIZADO;18;NIVEL_CARRERA;0;0;0;
DUDOSOS_REV_MANUAL_ACTUALIZADO;19;VIGENCIA;0;0;0;
DUDOSOS_REV_MANUAL_ACTUALIZADO;20;CODIGO_UNICO_FORMATO_VALIDO;0;0;0;
DUDOSOS_REV_MANUAL_ACTUALIZADO;21;CODIGO_IES_DERIVADO;0;0;0;
DUDOSOS_REV_MANUAL_ACTUALIZADO;22;COD_SEDE_DERIVADO;0;0;0;
DUDOSOS_REV_MANUAL_ACTUALIZADO;23;COD_CARRERA_DERIVADO;0;0;0;
DUDOSOS_REV_MANUAL_ACTUALIZADO;24;JORNADA_DERIVADA;0;0;0;
DUDOSOS_REV_MANUAL_ACTUALIZADO;25;VERSION_DERIVADA;0;0;0;
DUDOSOS_REV_MANUAL_ACTUALIZADO;26;NOMBRE_CARRERA_NORMALIZADO;0;0;0;
DUDOSOS_REV_MANUAL_ACTUALIZADO;27;NOMBRE_SEDE_NORMALIZADO;0;0;0;
DUDOSOS_REV_MANUAL_ACTUALIZADO;28;FUENTE_ARCHIVO;0;0;0;
DUDOSOS_REV_MANUAL_ACTUALIZADO;29;FUENTE_HOJA;0;0;0;
DUDOSOS_REV_MANUAL_ACTUALIZADO;30;VALIDACION_COD_SEDE;0;0;0;
DUDOSOS_REV_MANUAL_ACTUALIZADO;31;CLAVE_AUXILIAR_NOMBRE_SEDE_JORNADA;0;0;0;
DUDOSOS_REV_MANUAL_ACTUALIZADO;32;CLAVE_AUXILIAR_ESTRUCTURAL;0;0;0;
DUDOSOS_REV_MANUAL_ACTUALIZADO;33;ES_VIGENTE;0;0;0;
DUDOSOS_REV_MANUAL_ACTUALIZADO;34;ES_PREGRADO;0;0;0;
DUDOSOS_REV_MANUAL_ACTUALIZADO;35;ES_POSGRADO_POSTITULO_DIPLOMADO;0;0;0;
DUDOSOS_REV_MANUAL_ACTUALIZADO;36;ES_DIPLOMADO;0;0;0;
DUDOSOS_REV_MANUAL_ACTUALIZADO;37;ES_TECNICO;0;0;0;
DUDOSOS_REV_MANUAL_ACTUALIZADO;38;ES_PROFESIONAL;0;0;0;
DUDOSOS_REV_MANUAL_ACTUALIZADO;39;ES_PROGRAMA_ESPECIAL;0;0;0;
DUDOSOS_REV_MANUAL_ACTUALIZADO;40;ES_PROGRAMA_REGULAR;0;0;0;
DUDOSOS_REV_MANUAL_ACTUALIZADO;41;ALCANCE_INDICES_CREAR_PROGRAMA;0;0;0;
DUDOSOS_REV_MANUAL_ACTUALIZADO;42;MOTIVO_ALCANCE;0;0;0;
DUDOSOS_REV_MANUAL_ACTUALIZADO;43;NIVEL_BUCKET;0;0;0;
DUDOSOS_REV_MANUAL_ACTUALIZADO;44;TIPO_CARRERA_FORM;0;0;0;
DUDOSOS_REV_MANUAL_ACTUALIZADO;45;HORARIO_FORM;0;0;0;
DUDOSOS_REV_MANUAL_ACTUALIZADO;46;MODALIDAD_FORM;0;0;0;
DUDOSOS_REV_MANUAL_ACTUALIZADO;47;TIPO_PROGRAMA_FORM;0;0;0;
DUDOSOS_REV_MANUAL_ACTUALIZADO;48;SEDE_PLATAFORMA;0;0;0;
DUDOSOS_REV_MANUAL_ACTUALIZADO;49;SEDE_PLATAFORMA_NORMALIZADA;0;0;0;
DUDOSOS_REV_MANUAL_ACTUALIZADO;50;ESTADO_CRUCE_INDICES;0;0;0;
DUDOSOS_REV_MANUAL_ACTUALIZADO;51;MOTIVO_ESTADO_CRUCE;0;0;0;
DUDOSOS_REV_MANUAL_ACTUALIZADO;52;CODIGO_UNICO_MATCH;0;0;0;
DUDOSOS_REV_MANUAL_ACTUALIZADO;53;TIPO_MATCH;0;0;0;
DUDOSOS_REV_MANUAL_ACTUALIZADO;54;CONFIANZA_MATCH;0;0;0;
DUDOSOS_REV_MANUAL_ACTUALIZADO;55;OBSERVACION_AUDITORIA;0;0;0;
DUDOSOS_REV_MANUAL_ACTUALIZADO;56;REQUIERE_CREACION_MANUAL;0;0;0;
DICCIONARIO_OFERTA_2026;1;COD_SEDE;124;0;2;2 | 3
DICCIONARIO_OFERTA_2026;2;NOMBRE_SEDE;124;0;2;CASA CENTRAL (SANTIAGO) | SEDE CONCEPCION
DICCIONARIO_OFERTA_2026;3;COD_CARRERA;124;0;57;1 | 2 | 3 | 6 | 10
DICCIONARIO_OFERTA_2026;4;NOMBRE_CARRERA;124;0;57;INGENIERIA EN INFORMATICA | TECNICO EN PROGRAMACION COMPUTACIONAL | INGENIERIA EN CONECTIVIDAD Y REDES | TECNICO EN CONECTIVIDAD Y REDES | TECNICO EN PREVENCION DE RIESGOS
DICCIONARIO_OFERTA_2026;5;MODALIDAD;124;0;3;1 | 3 | 2
DICCIONARIO_OFERTA_2026;6;COD_JORNADA;124;0;4;1 | 2 | 4 | 3
DICCIONARIO_OFERTA_2026;7;VERSION;124;0;4;1 | 2 | 3 | 4
DICCIONARIO_OFERTA_2026;8;COD_TIPO_PLAN_CARRERA;124;0;2;1 | 3
DICCIONARIO_OFERTA_2026;9;CARACTERISTICAS_TIPO_PLAN;124;0;1;NO APLICA
DICCIONARIO_OFERTA_2026;10;DURACION_ESTUDIOS;124;0;6;8 | 5 | 4 | 6 | 2
DICCIONARIO_OFERTA_2026;11;DURACION_TITULACION;124;0;1;0
DICCIONARIO_OFERTA_2026;12;DURACION_TOTAL;124;0;6;8 | 5 | 4 | 6 | 2
DICCIONARIO_OFERTA_2026;13;REGIMEN;124;0;2;1 | 2
DICCIONARIO_OFERTA_2026;14;DURACION_REGIMEN;124;0;8;8 | 5 | 4 | 7 | 6
DICCIONARIO_OFERTA_2026;15;NOMBRE_TITULO;124;0;57;INGENIERO EN INFORMATICA | TECNICO EN PROGRAMACION COMPUTACIONAL | INGENIERO EN CONECTIVIDAD Y REDES | TECNICO EN CONECTIVIDAD Y REDES | TECNICO EN PREVENCION DE RIESGOS
DICCIONARIO_OFERTA_2026;16;COD_NIVEL_GLOBAL;124;0;2;1 | 3
DICCIONARIO_OFERTA_2026;17;COD_NIVEL_CARRERA;124;0;3;2 | 1 | 5
DICCIONARIO_OFERTA_2026;18;ANIO_INICIO;124;0;15;1990 | 2019 | 1992 | 2017 | 2002
DICCIONARIO_OFERTA_2026;19;ACREDITACION;124;0;1;2
DICCIONARIO_OFERTA_2026;20;REQUISITO_INGRESO;124;0;2;1 | 2
DICCIONARIO_OFERTA_2026;21;SEMESTRES_RECONOCIDOS;124;0;3;0 | 5 | 4
DICCIONARIO_OFERTA_2026;22;AREA_ACTUAL;124;0;7;10 | 9 | 7 | 6 | 1
DICCIONARIO_OFERTA_2026;23;AREA_ADMIN_DERECHO;124;0;2;0 | 1
DICCIONARIO_OFERTA_2026;24;AREA_AGRI_SILVI_PESCA_VET;124;0;1;0
DICCIONARIO_OFERTA_2026;25;AREA_ARTES_HUMANIDADES;124;0;1;0
DICCIONARIO_OFERTA_2026;26;AREA_CIENCIAS_NAT_MAT_ESTAD;124;0;2;0 | 1
DICCIONARIO_OFERTA_2026;27;AREA_CS_SOCIAL_PERIODISMO_INFO;124;0;2;0 | 1
DICCIONARIO_OFERTA_2026;28;AREA_EDUCACION;124;0;1;0
DICCIONARIO_OFERTA_2026;29;AREA_INGE_INDUSTRIA_CONSTRUC;124;0;2;0 | 1
DICCIONARIO_OFERTA_2026;30;AREA_SALUD_BIENESTAR;124;0;2;0 | 1
DICCIONARIO_OFERTA_2026;31;AREA_SERVICIOS;124;0;2;0 | 1
DICCIONARIO_OFERTA_2026;32;AREA_TECNO_INFO_COMUNICA;124;0;2;0 | 1
DICCIONARIO_OFERTA_2026;33;VACANTES_PRIMER_SEMESTRE;124;0;18;0 | 30 | 130 | 100 | 60
DICCIONARIO_OFERTA_2026;34;VACANTES_SEGUNDO_SEMESTRE;124;0;6;0 | 60 | 65 | 50 | 25
DICCIONARIO_OFERTA_2026;35;FECHA_ADMISION_INICIAL;124;124;1;
DICCIONARIO_OFERTA_2026;36;MALLA_CURRICULAR;124;124;1;
DICCIONARIO_OFERTA_2026;37;PERFIL_EGRESO;124;124;1;
DICCIONARIO_OFERTA_2026;38;TEXTO_REQUISITO_INGRESO;124;124;1;
DICCIONARIO_OFERTA_2026;39;LICENCIA_ENS_MEDIA;124;124;1;
DICCIONARIO_OFERTA_2026;40;NOTAS_ENS_MEDIA;124;124;1;
DICCIONARIO_OFERTA_2026;41;PROMEDIO_MIN_ENS_MEDIA;124;124;1;
DICCIONARIO_OFERTA_2026;42;RECONOCIMIENTOS_APREN_PREVIOS;124;124;1;
DICCIONARIO_OFERTA_2026;43;EXPERIENCIA_LABORAL;124;124;1;
DICCIONARIO_OFERTA_2026;44;OTROS_REQUISITOS;124;124;1;
DICCIONARIO_OFERTA_2026;45;MAIL_DIFUSION_CARRERA;124;124;1;
DICCIONARIO_OFERTA_2026;46;FORMATO_VALOR;124;124;1;
DICCIONARIO_OFERTA_2026;47;VALOR_MATRICULA_ANUAL;124;124;1;
DICCIONARIO_OFERTA_2026;48;COSTO_TITULACION;124;124;1;
DICCIONARIO_OFERTA_2026;49;VALOR_CERTIFICADO_DIPLOMA;124;124;1;
DICCIONARIO_OFERTA_2026;50;ARANCEL_ANUAL;124;124;1;
DICCIONARIO_OFERTA_2026;51;VIGENCIA_CARRERA;124;124;1;
DICCIONARIO_OFERTA_2026;52;CODIGO_UNICO_DERIVADO;124;0;124;I162S2C1J1V1 | I162S2C1J1V2 | I162S2C1J2V1 | I162S2C1J2V2 | I162S2C1J2V3
DICCIONARIO_OFERTA_2026;53;KEY_EXACTA_CODIGO_UNICO;124;0;124;I162S2C1J1V1 | I162S2C1J1V2 | I162S2C1J2V1 | I162S2C1J2V2 | I162S2C1J2V3
DICCIONARIO_OFERTA_2026;54;KEY_ESTRUCTURAL;124;0;124;2|1|1|1 | 2|1|1|2 | 2|1|2|1 | 2|1|2|2 | 2|1|2|3
DICCIONARIO_OFERTA_2026;55;NOMBRE_CARRERA_NORMALIZADO;124;0;57;INGENIERIA EN INFORMATICA | TECNICO EN PROGRAMACION COMPUTACIONAL | INGENIERIA EN CONECTIVIDAD Y REDES | TECNICO EN CONECTIVIDAD Y REDES | TECNICO EN PREVENCION DE RIESGOS
DICCIONARIO_OFERTA_2026;56;NOMBRE_SEDE_NORMALIZADO;124;0;2;CASA CENTRAL SANTIAGO | SEDE CONCEPCION
DICCIONARIO_OFERTA_2026;57;KEY_NOMBRE_SEDE_JORNADA;124;0;91;INGENIERIA EN INFORMATICA|CASA CENTRAL SANTIAGO|1 | INGENIERIA EN INFORMATICA|CASA CENTRAL SANTIAGO|2 | INGENIERIA EN INFORMATICA|CASA CENTRAL SANTIAGO|4 | TECNICO EN PROGRAMACION COMPUTACIONAL|CASA CENTRAL SANTIAGO|1 | TECNICO EN PROGRAMACION COMPUTACIONAL|CASA CENTRAL SANTIAGO|4
DICCIONARIO_OFERTA_2026;58;KEY_NOMBRE_MODALIDAD_JORNADA_TIPO_DURACION;124;0;109;INGENIERIA EN INFORMATICA|1|1|1|8|1|2 | INGENIERIA EN INFORMATICA|1|2|1|8|1|2 | INGENIERIA EN INFORMATICA|1|2|3|5|1|2 | INGENIERIA EN INFORMATICA|1|2|3|4|1|2 | INGENIERIA EN INFORMATICA|3|4|1|8|1|2
DICCIONARIO_OFERTA_2026;59;VALIDACION_CODIGO_UNICO_DERIVADO;124;0;1;OK
DICCIONARIO_OFERTA_2026;60;VALIDACION_DUPLICADO_CODIGO_UNICO_DERIVADO;124;0;1;OK
DICCIONARIO_OFERTA_2026;61;VALIDACION_COLUMNAS_A_AH_COMPLETAS;124;0;1;OK
DICCIONARIO_OFERTA_2026;62;VALIDACION_COLUMNAS_AI_AY_VACIAS_O_REVISAR;124;0;1;OK
DICCIONARIO_OFERTA_2026;63;OBSERVACION_DICCIONARIO;124;123;2; | POSIBLE_ERROR_ORTOGRAFICO_CONSERVADO_SIN_CORREGIR
MATCH_PROGRAMAS_VS_DICCIONARIO;1;HOJA_ORIGEN;71;0;1;PROGRAMAS_FALTANTES_PARA_CREAR
MATCH_PROGRAMAS_VS_DICCIONARIO;2;ROW_ORIGEN;71;0;71;2 | 3 | 4 | 5 | 6
MATCH_PROGRAMAS_VS_DICCIONARIO;3;CODIGO_UNICO;71;0;71;I162S2C101J4V1 | I162S2C102J4V1 | I162S2C103J4V1 | I162S2C104J4V1 | I162S2C105J4V1
MATCH_PROGRAMAS_VS_DICCIONARIO;4;MATCH_STATUS;71;0;2;MATCH_UNICO | SIN_MATCH
MATCH_PROGRAMAS_VS_DICCIONARIO;5;MATCH_METHOD;71;0;2;P1_CODIGO_UNICO_EXACTO | SIN_MATCH
MATCH_PROGRAMAS_VS_DICCIONARIO;6;MATCH_KEY;71;0;66;I162S2C101J4V1 | I162S2C102J4V1 | I162S2C103J4V1 | I162S2C104J4V1 | I162S2C105J4V1
MATCH_PROGRAMAS_VS_DICCIONARIO;7;MATCH_COUNT;71;0;2;1 | 0
MATCH_PROGRAMAS_VS_DICCIONARIO;8;MATCH_CODIGO_UNICO_DERIVADO;71;11;61;I162S2C101J4V1 | I162S2C102J4V1 | I162S2C103J4V1 | I162S2C104J4V1 | I162S2C105J4V1
AUDITORIA_COMPLETITUD;1;CAMPO;37;0;37;ANIO_INICIO | REGIMEN | DURACION_REGIMEN | NOMBRE_TITULO | ACREDITACION
AUDITORIA_COMPLETITUD;2;TIPO;37;0;2;AUTO_DESDE_DICCIONARIO | NO_AUTO_REQUIERE_REVISION
AUDITORIA_COMPLETITUD;3;COMPLETADOS;37;0;2;60 | 0
AUDITORIA_COMPLETITUD;4;REVISAR_O_VACIO;37;0;2;11 | 71
AUDITORIA_79_REGISTROS;1;HOJA_ORIGEN;79;0;4;PROGRAMAS_FALTANTES_PARA_CREAR | NO_CREAR_CUBIERTO | REQUIERE_DECISION_INSTITUCIONAL | DUDOSOS_REV_MANUAL_RESUELTOS
AUDITORIA_79_REGISTROS;2;ROW_ORIGEN;79;0;71;2 | 3 | 4 | 5 | 6
AUDITORIA_79_REGISTROS;3;CODIGO_UNICO;79;0;75;I162S2C101J4V1 | I162S2C102J4V1 | I162S2C103J4V1 | I162S2C104J4V1 | I162S2C105J4V1
AUDITORIA_79_REGISTROS;4;MATCH_STATUS;79;0;3;MATCH_UNICO | SIN_MATCH | MATCH_AMBIGUO
AUDITORIA_79_REGISTROS;5;MATCH_METHOD;79;0;3;P1_CODIGO_UNICO_EXACTO | SIN_MATCH | P4_NOMBRE_SEDE_JORNADA
AUDITORIA_79_REGISTROS;6;MATCH_KEY;79;0;70;I162S2C101J4V1 | I162S2C102J4V1 | I162S2C103J4V1 | I162S2C104J4V1 | I162S2C105J4V1
AUDITORIA_79_REGISTROS;7;MATCH_COUNT;79;0;3;1 | 0 | 2
AUDITORIA_79_REGISTROS;8;MATCH_CODIGO_UNICO_DERIVADO;79;11;65;I162S2C101J4V1 | I162S2C102J4V1 | I162S2C103J4V1 | I162S2C104J4V1 | I162S2C105J4V1
CONTROL_TECNICO;1;FECHA_GENERACION;1;0;1;2026-06-04 10:46:14
CONTROL_TECNICO;2;ARCHIVO_OPERATIVO_SEGURO;1;0;1;/Users/alexi/Desktop/CNED_PROGRAMAS_FALTANTES_PARA_CREAR_INDICES_RESUELTO_LIMPIO.xlsx
CONTROL_TECNICO;3;ARCHIVO_PROBLEMATICO_NO_USADO;1;0;1;/Users/alexi/Desktop/CNED_PROGRAMAS_FALTANTES_PARA_CREAR_INDICES_RESUELTO.xlsx
CONTROL_TECNICO;4;DICCIONARIO_TSV;1;0;1;/Users/alexi/Documents/GitHub/avance_curricular/indices_2025/cned/resultados/OFERTA_ACADEMICA_2026_DICCIONARIO_CON_ENCABEZADOS.tsv
CONTROL_TECNICO;5;DICCIONARIO_XLSX;1;0;1;/Users/alexi/Documents/GitHub/avance_curricular/indices_2025/cned/resultados/OFERTA_ACADEMICA_2026_DICCIONARIO_CON_ENCABEZADOS.xlsx
CONTROL_TECNICO;6;EXCEL_FINAL_RESULTADOS;1;0;1;/Users/alexi/Documents/GitHub/avance_curricular/indices_2025/cned/resultados/CNED_PROGRAMAS_FALTANTES_PARA_CREAR_INDICES_RESUELTO_LIMPIO_CON_DICCIONARIO_20260604_104613.xlsx
CONTROL_TECNICO;7;EXCEL_FINAL_ESCRITORIO;1;0;1;/Users/alexi/Desktop/CNED_PROGRAMAS_FALTANTES_PARA_CREAR_INDICES_RESUELTO_LIMPIO_CON_DICCIONARIO.xlsx
CONTROL_TECNICO;8;CSV_CARGA_SIN_ENCABEZADOS;1;0;1;NO_GENERADO_REQUIERE_CONFIRMACION_COD_CARRERA_EN_BLANCO_PARA_CARGA_NUEVA_TP
CONTROL_TECNICO;9;HASH_OPERATIVO_ANTES;1;0;1;ed363f3e1626b3c1d3a2138ef5eb8580738f687a41fa7b796feae5f61187969b
CONTROL_TECNICO;10;TOTAL_DICCIONARIO_FILAS;1;0;1;124
CONTROL_TECNICO;11;PROGRAMAS_FALTANTES_PARA_CREAR;1;0;1;71
CONTROL_TECNICO;12;NO_CREAR_CUBIERTO;1;0;1;2
CONTROL_TECNICO;13;REQUIERE_DECISION_INSTITUCIONAL;1;0;1;2
CONTROL_TECNICO;14;DUDOSOS_REV_MANUAL_RESUELTOS;1;0;1;4
CONTROL_TECNICO;15;DUDOSOS_REV_MANUAL_ACTUALIZADO;1;0;1;0
CONTROL_TECNICO;16;TOTAL_CONTROL_79;1;0;1;79
CONTROL_TECNICO;17;MATCH_UNICO_PROGRAMAS;1;0;1;60
CONTROL_TECNICO;18;MATCH_AMBIGUO_PROGRAMAS;1;0;1;0
CONTROL_TECNICO;19;SIN_MATCH_PROGRAMAS;1;0;1;11
CONTROL_TECNICO;20;P1_CODIGO_UNICO_EXACTO;1;0;1;60
CONTROL_TECNICO;21;P2_CODIGO_UNICO_DERIVADO_DESDE_COMPONENTES;1;0;1;0
CONTROL_TECNICO;22;P3_KEY_ESTRUCTURAL;1;0;1;0
CONTROL_TECNICO;23;P4_NOMBRE_SEDE_JORNADA;1;0;1;0
CONTROL_TECNICO;24;P5_NOMBRE_MODALIDAD_JORNADA_TIPO_DURACION;1;0;1;0
CONTROL_TECNICO;25;DICTAMEN_FINAL;1;0;1;ERROR_EN_CONCILIACION_DICCIONARIO_OFERTA
