COD_SEDE	NOMBRE_SEDE	COD_CARRERA	NOMBRE_CARRERA	MODALIDAD	COD_JORNADA	VERSION	COD_TIPO_PLAN_CARRERA	CARACTERISTICAS_TIPO_PLAN	DURACION_ESTUDIOS	DURACION_TITULACION	DURACION_TOTAL	REGIMEN	DURACION_REGIMEN	NOMBRE_TITULO	COD_NIVEL_GLOBAL	COD_NIVEL_CARRERA	ANIO_INICIO	ACREDITACION	REQUISITO_INGRESO	SEMESTRES_RECONOCIDOS	AREA_ACTUAL	AREA_ADMIN_DERECHO	AREA_AGRI_SILVI_PESCA_VET	AREA_ARTES_HUMANIDADES	AREA_CIENCIAS_NAT_MAT_ESTAD	AREA_CS_SOCIAL_PERIODISMO_INFO	AREA_EDUCACION	AREA_INGE_INDUSTRIA_CONSTRUC	AREA_SALUD_BIENESTAR	AREA_SERVICIOS	AREA_TECNO_INFO_COMUNICA	VACANTES_PRIMER_SEMESTRE	VACANTES_SEGUNDO_SEMESTRE	FECHA_ADMISION_INICIAL	MALLA_CURRICULAR	PERFIL_EGRESO	TEXTO_REQUISITO_INGRESO	LICENCIA_ENS_MEDIA	NOTAS_ENS_MEDIA	PROMEDIO_MIN_ENS_MEDIA	RECONOCIMIENTOS_APREN_PREVIOS	EXPERIENCIA_LABORAL	OTROS_REQUISITOS	MAIL_DIFUSION_CARRERA	FORMATO_VALOR	VALOR_MATRICULA_ANUAL	COSTO_TITULACION	VALOR_CERTIFICADO_DIPLOMA	ARANCEL_ANUAL	VIGENCIA_CARRERA	CODIGO_UNICO_DERIVADO	KEY_EXACTA_CODIGO_UNICO	KEY_ESTRUCTURAL	NOMBRE_CARRERA_NORMALIZADO	NOMBRE_SEDE_NORMALIZADO	KEY_NOMBRE_SEDE_JORNADA	KEY_NOMBRE_MODALIDAD_JORNADA_TIPO_DURACION	VALIDACION_CODIGO_UNICO_DERIVADO	VALIDACION_DUPLICADO_CODIGO_UNICO_DERIVADO	VALIDACION_COLUMNAS_A_AH_COMPLETAS	VALIDACION_COLUMNAS_AI_AY_VACIAS_O_REVISAR	OBSERVACION_DICCIONARIO
2	CASA CENTRAL (SANTIAGO)	1	INGENIERIA EN INFORMATICA	1	1	1	1	NO APLICA	8	0	8	1	8	INGENIERO EN INFORMATICA	1	2	1990	2	1	0	10	0	0	0	0	0	0	0	0	0	0	0	0																		I162S2C1J1V1	I162S2C1J1V1	2|1|1|1	INGENIERIA EN INFORMATICA	CASA CENTRAL SANTIAGO	INGENIERIA EN INFORMATICA|CASA CENTRAL SANTIAGO|1	INGENIERIA EN INFORMATICA|1|1|1|8|1|2	OK	OK	OK	OK	
2	CASA CENTRAL (SANTIAGO)	1	INGENIERIA EN INFORMATICA	1	1	2	1	NO APLICA	8	0	8	1	8	INGENIERO EN INFORMATICA	1	2	2019	2	1	0	10	0	0	0	0	0	0	0	0	0	0	30	0																		I162S2C1J1V2	I162S2C1J1V2	2|1|1|2	INGENIERIA EN INFORMATICA	CASA CENTRAL SANTIAGO	INGENIERIA EN INFORMATICA|CASA CENTRAL SANTIAGO|1	INGENIERIA EN INFORMATICA|1|1|1|8|1|2	OK	OK	OK	OK	
2	CASA CENTRAL (SANTIAGO)	1	INGENIERIA EN INFORMATICA	1	2	1	1	NO APLICA	8	0	8	1	8	INGENIERO EN INFORMATICA	1	2	1990	2	1	0	10	0	0	0	0	0	0	0	0	0	0	0	0																		I162S2C1J2V1	I162S2C1J2V1	2|1|2|1	INGENIERIA EN INFORMATICA	CASA CENTRAL SANTIAGO	INGENIERIA EN INFORMATICA|CASA CENTRAL SANTIAGO|2	INGENIERIA EN INFORMATICA|1|2|1|8|1|2	OK	OK	OK	OK	
2	CASA CENTRAL (SANTIAGO)	1	INGENIERIA EN INFORMATICA	1	2	2	3	NO APLICA	5	0	5	1	5	INGENIERO EN INFORMATICA	1	2	1992	2	2	5	10	0	0	0	0	0	0	0	0	0	0	0	0																		I162S2C1J2V2	I162S2C1J2V2	2|1|2|2	INGENIERIA EN INFORMATICA	CASA CENTRAL SANTIAGO	INGENIERIA EN INFORMATICA|CASA CENTRAL SANTIAGO|2	INGENIERIA EN INFORMATICA|1|2|3|5|1|2	OK	OK	OK	OK	
2	CASA CENTRAL (SANTIAGO)	1	INGENIERIA EN INFORMATICA	1	2	3	3	NO APLICA	4	0	4	1	4	INGENIERO EN INFORMATICA	1	2	2017	2	2	4	10	0	0	0	0	0	0	0	0	0	0	0	0																		I162S2C1J2V3	I162S2C1J2V3	2|1|2|3	INGENIERIA EN INFORMATICA	CASA CENTRAL SANTIAGO	INGENIERIA EN INFORMATICA|CASA CENTRAL SANTIAGO|2	INGENIERIA EN INFORMATICA|1|2|3|4|1|2	OK	OK	OK	OK	
2	CASA CENTRAL (SANTIAGO)	1	INGENIERIA EN INFORMATICA	1	2	4	1	NO APLICA	8	0	8	1	8	INGENIERO EN INFORMATICA	1	2	2019	2	1	0	10	0	0	0	0	0	0	0	0	0	0	30	0																		I162S2C1J2V4	I162S2C1J2V4	2|1|2|4	INGENIERIA EN INFORMATICA	CASA CENTRAL SANTIAGO	INGENIERIA EN INFORMATICA|CASA CENTRAL SANTIAGO|2	INGENIERIA EN INFORMATICA|1|2|1|8|1|2	OK	OK	OK	OK	
2	CASA CENTRAL (SANTIAGO)	1	INGENIERIA EN INFORMATICA	3	4	2	1	NO APLICA	8	0	8	1	8	INGENIERO EN INFORMATICA	1	2	2019	2	1	0	10	0	0	0	0	0	0	0	0	0	0	130	60																		I162S2C1J4V2	I162S2C1J4V2	2|1|4|2	INGENIERIA EN INFORMATICA	CASA CENTRAL SANTIAGO	INGENIERIA EN INFORMATICA|CASA CENTRAL SANTIAGO|4	INGENIERIA EN INFORMATICA|3|4|1|8|1|2	OK	OK	OK	OK	
2	CASA CENTRAL (SANTIAGO)	1	INGENIERIA EN INFORMATICA	3	4	3	3	NO APLICA	4	0	4	1	4	INGENIERO EN INFORMATICA	1	2	2019	2	2	4	10	0	0	0	0	0	0	0	0	0	0	0	0																		I162S2C1J4V3	I162S2C1J4V3	2|1|4|3	INGENIERIA EN INFORMATICA	CASA CENTRAL SANTIAGO	INGENIERIA EN INFORMATICA|CASA CENTRAL SANTIAGO|4	INGENIERIA EN INFORMATICA|3|4|3|4|1|2	OK	OK	OK	OK	
2	CASA CENTRAL (SANTIAGO)	2	TECNICO EN PROGRAMACION COMPUTACIONAL	1	1	1	1	NO APLICA	5	0	5	1	5	TECNICO EN PROGRAMACION COMPUTACIONAL	1	1	1990	2	1	0	10	0	0	0	1	0	0	0	0	0	1	0	0																		I162S2C2J1V1	I162S2C2J1V1	2|2|1|1	TECNICO EN PROGRAMACION COMPUTACIONAL	CASA CENTRAL SANTIAGO	TECNICO EN PROGRAMACION COMPUTACIONAL|CASA CENTRAL SANTIAGO|1	TECNICO EN PROGRAMACION COMPUTACIONAL|1|1|1|5|1|1	OK	OK	OK	OK	
2	CASA CENTRAL (SANTIAGO)	2	TECNICO EN PROGRAMACION COMPUTACIONAL	1	1	2	1	NO APLICA	5	0	5	1	5	TECNICO EN PROGRAMACION COMPUTACIONAL	1	1	2019	2	1	0	10	0	0	0	1	0	0	0	0	0	1	0	0																		I162S2C2J1V2	I162S2C2J1V2	2|2|1|2	TECNICO EN PROGRAMACION COMPUTACIONAL	CASA CENTRAL SANTIAGO	TECNICO EN PROGRAMACION COMPUTACIONAL|CASA CENTRAL SANTIAGO|1	TECNICO EN PROGRAMACION COMPUTACIONAL|1|1|1|5|1|1	OK	OK	OK	OK	
2	CASA CENTRAL (SANTIAGO)	2	TECNICO EN PROGRAMACION COMPUTACIONAL	3	4	1	1	NO APLICA	5	0	5	1	5	TECNICO EN PROGRAMACION COMPUTACIONAL	1	1	2017	2	1	0	10	0	0	0	1	0	0	0	0	0	1	0	0																		I162S2C2J4V1	I162S2C2J4V1	2|2|4|1	TECNICO EN PROGRAMACION COMPUTACIONAL	CASA CENTRAL SANTIAGO	TECNICO EN PROGRAMACION COMPUTACIONAL|CASA CENTRAL SANTIAGO|4	TECNICO EN PROGRAMACION COMPUTACIONAL|3|4|1|5|1|1	OK	OK	OK	OK	
2	CASA CENTRAL (SANTIAGO)	2	TECNICO EN PROGRAMACION COMPUTACIONAL	3	4	2	1	NO APLICA	5	0	5	1	5	TECNICO EN PROGRAMACION COMPUTACIONAL	1	1	2019	2	1	0	10	0	0	0	1	0	0	0	0	0	1	0	0																		I162S2C2J4V2	I162S2C2J4V2	2|2|4|2	TECNICO EN PROGRAMACION COMPUTACIONAL	CASA CENTRAL SANTIAGO	TECNICO EN PROGRAMACION COMPUTACIONAL|CASA CENTRAL SANTIAGO|4	TECNICO EN PROGRAMACION COMPUTACIONAL|3|4|1|5|1|1	OK	OK	OK	OK	
2	CASA CENTRAL (SANTIAGO)	2	TECNICO EN PROGRAMACION COMPUTACIONAL	1	2	1	1	NO APLICA	5	0	5	1	5	TECNICO EN PROGRAMACION COMPUTACIONAL	1	1	1990	2	1	0	10	0	0	0	1	0	0	0	0	0	1	0	0																		I162S2C2J2V1	I162S2C2J2V1	2|2|2|1	TECNICO EN PROGRAMACION COMPUTACIONAL	CASA CENTRAL SANTIAGO	TECNICO EN PROGRAMACION COMPUTACIONAL|CASA CENTRAL SANTIAGO|2	TECNICO EN PROGRAMACION COMPUTACIONAL|1|2|1|5|1|1	OK	OK	OK	OK	
2	CASA CENTRAL (SANTIAGO)	2	TECNICO EN PROGRAMACION COMPUTACIONAL	1	2	2	1	NO APLICA	5	0	5	1	5	TECNICO EN PROGRAMACION COMPUTACIONAL	1	1	2019	2	1	0	10	0	0	0	1	0	0	0	0	0	1	0	0																		I162S2C2J2V2	I162S2C2J2V2	2|2|2|2	TECNICO EN PROGRAMACION COMPUTACIONAL	CASA CENTRAL SANTIAGO	TECNICO EN PROGRAMACION COMPUTACIONAL|CASA CENTRAL SANTIAGO|2	TECNICO EN PROGRAMACION COMPUTACIONAL|1|2|1|5|1|1	OK	OK	OK	OK	
2	CASA CENTRAL (SANTIAGO)	3	INGENIERIA EN CONECTIVIDAD Y REDES	1	1	1	1	NO APLICA	8	0	8	1	8	INGENIERO EN CONECTIVIDAD Y REDES	1	2	2002	2	1	0	10	0	0	0	0	0	0	0	0	0	0	0	0																		I162S2C3J1V1	I162S2C3J1V1	2|3|1|1	INGENIERIA EN CONECTIVIDAD Y REDES	CASA CENTRAL SANTIAGO	INGENIERIA EN CONECTIVIDAD Y REDES|CASA CENTRAL SANTIAGO|1	INGENIERIA EN CONECTIVIDAD Y REDES|1|1|1|8|1|2	OK	OK	OK	OK	
2	CASA CENTRAL (SANTIAGO)	3	INGENIERIA EN CONECTIVIDAD Y REDES	1	1	2	1	NO APLICA	8	0	8	1	8	INGENIERO EN CONECTIVIDAD Y REDES	1	2	2019	2	1	0	10	0	0	0	0	0	0	0	0	0	0	30	0																		I162S2C3J1V2	I162S2C3J1V2	2|3|1|2	INGENIERIA EN CONECTIVIDAD Y REDES	CASA CENTRAL SANTIAGO	INGENIERIA EN CONECTIVIDAD Y REDES|CASA CENTRAL SANTIAGO|1	INGENIERIA EN CONECTIVIDAD Y REDES|1|1|1|8|1|2	OK	OK	OK	OK	
2	CASA CENTRAL (SANTIAGO)	3	INGENIERIA EN CONECTIVIDAD Y REDES	1	2	1	1	NO APLICA	8	0	8	1	8	INGENIERO EN CONECTIVIDAD Y REDES	1	2	2002	2	1	0	10	0	0	0	0	0	0	0	0	0	0	0	0																		I162S2C3J2V1	I162S2C3J2V1	2|3|2|1	INGENIERIA EN CONECTIVIDAD Y REDES	CASA CENTRAL SANTIAGO	INGENIERIA EN CONECTIVIDAD Y REDES|CASA CENTRAL SANTIAGO|2	INGENIERIA EN CONECTIVIDAD Y REDES|1|2|1|8|1|2	OK	OK	OK	OK	
2	CASA CENTRAL (SANTIAGO)	3	INGENIERIA EN CONECTIVIDAD Y REDES	1	2	3	3	NO APLICA	4	0	4	1	4	INGENIERO EN CONECTIVIDAD Y REDES	1	2	2017	2	2	4	10	0	0	0	0	0	0	0	0	0	0	0	0																		I162S2C3J2V3	I162S2C3J2V3	2|3|2|3	INGENIERIA EN CONECTIVIDAD Y REDES	CASA CENTRAL SANTIAGO	INGENIERIA EN CONECTIVIDAD Y REDES|CASA CENTRAL SANTIAGO|2	INGENIERIA EN CONECTIVIDAD Y REDES|1|2|3|4|1|2	OK	OK	OK	OK	
2	CASA CENTRAL (SANTIAGO)	3	INGENIERIA EN CONECTIVIDAD Y REDES	1	2	4	1	NO APLICA	8	0	8	1	8	INGENIERO EN CONECTIVIDAD Y REDES	1	2	2019	2	1	0	10	0	0	0	0	0	0	0	0	0	0	30	0																		I162S2C3J2V4	I162S2C3J2V4	2|3|2|4	INGENIERIA EN CONECTIVIDAD Y REDES	CASA CENTRAL SANTIAGO	INGENIERIA EN CONECTIVIDAD Y REDES|CASA CENTRAL SANTIAGO|2	INGENIERIA EN CONECTIVIDAD Y REDES|1|2|1|8|1|2	OK	OK	OK	OK	
2	CASA CENTRAL (SANTIAGO)	3	INGENIERIA EN CONECTIVIDAD Y REDES	3	4	2	1	NO APLICA	8	0	8	1	8	INGENIERO EN CONECTIVIDAD Y REDES	1	2	2019	2	1	0	10	0	0	0	0	0	0	0	0	0	0	100	0																		I162S2C3J4V2	I162S2C3J4V2	2|3|4|2	INGENIERIA EN CONECTIVIDAD Y REDES	CASA CENTRAL SANTIAGO	INGENIERIA EN CONECTIVIDAD Y REDES|CASA CENTRAL SANTIAGO|4	INGENIERIA EN CONECTIVIDAD Y REDES|3|4|1|8|1|2	OK	OK	OK	OK	
2	CASA CENTRAL (SANTIAGO)	3	INGENIERIA EN CONECTIVIDAD Y REDES	3	4	3	3	NO APLICA	4	0	4	1	4	INGENIERO EN CONECTIVIDAD Y REDES	1	2	2019	2	2	4	10	0	0	0	0	0	0	0	0	0	0	0	0																		I162S2C3J4V3	I162S2C3J4V3	2|3|4|3	INGENIERIA EN CONECTIVIDAD Y REDES	CASA CENTRAL SANTIAGO	INGENIERIA EN CONECTIVIDAD Y REDES|CASA CENTRAL SANTIAGO|4	INGENIERIA EN CONECTIVIDAD Y REDES|3|4|3|4|1|2	OK	OK	OK	OK	
2	CASA CENTRAL (SANTIAGO)	6	TECNICO EN CONECTIVIDAD Y REDES	1	1	1	1	NO APLICA	5	0	5	1	5	TECNICO EN CONECTIVIDAD Y REDES	1	1	2002	2	1	0	10	0	0	0	1	0	0	0	0	0	1	0	0																		I162S2C6J1V1	I162S2C6J1V1	2|6|1|1	TECNICO EN CONECTIVIDAD Y REDES	CASA CENTRAL SANTIAGO	TECNICO EN CONECTIVIDAD Y REDES|CASA CENTRAL SANTIAGO|1	TECNICO EN CONECTIVIDAD Y REDES|1|1|1|5|1|1	OK	OK	OK	OK	
2	CASA CENTRAL (SANTIAGO)	6	TECNICO EN CONECTIVIDAD Y REDES	1	1	2	1	NO APLICA	5	0	5	1	5	TECNICO EN CONECTIVIDAD Y REDES	1	1	2019	2	1	0	10	0	0	0	1	0	0	1	1	1	1	30	0																		I162S2C6J1V2	I162S2C6J1V2	2|6|1|2	TECNICO EN CONECTIVIDAD Y REDES	CASA CENTRAL SANTIAGO	TECNICO EN CONECTIVIDAD Y REDES|CASA CENTRAL SANTIAGO|1	TECNICO EN CONECTIVIDAD Y REDES|1|1|1|5|1|1	OK	OK	OK	OK	
2	CASA CENTRAL (SANTIAGO)	6	TECNICO EN CONECTIVIDAD Y REDES	1	2	1	1	NO APLICA	5	0	5	1	5	TECNICO EN CONECTIVIDAD Y REDES	1	1	2002	2	1	0	10	0	0	0	1	0	0	0	0	0	1	0	0																		I162S2C6J2V1	I162S2C6J2V1	2|6|2|1	TECNICO EN CONECTIVIDAD Y REDES	CASA CENTRAL SANTIAGO	TECNICO EN CONECTIVIDAD Y REDES|CASA CENTRAL SANTIAGO|2	TECNICO EN CONECTIVIDAD Y REDES|1|2|1|5|1|1	OK	OK	OK	OK	
2	CASA CENTRAL (SANTIAGO)	6	TECNICO EN CONECTIVIDAD Y REDES	1	2	2	1	NO APLICA	5	0	5	1	5	TECNICO EN CONECTIVIDAD Y REDES	1	1	2019	2	1	0	10	0	0	0	1	0	0	1	1	1	1	30	0																		I162S2C6J2V2	I162S2C6J2V2	2|6|2|2	TECNICO EN CONECTIVIDAD Y REDES	CASA CENTRAL SANTIAGO	TECNICO EN CONECTIVIDAD Y REDES|CASA CENTRAL SANTIAGO|2	TECNICO EN CONECTIVIDAD Y REDES|1|2|1|5|1|1	OK	OK	OK	OK	
2	CASA CENTRAL (SANTIAGO)	6	TECNICO EN CONECTIVIDAD Y REDES	3	4	2	1	NO APLICA	5	0	5	1	5	TECNICO EN CONECTIVIDAD Y REDES	1	1	2019	2	1	0	10	0	0	0	1	0	0	1	1	1	1	60	0																		I162S2C6J4V2	I162S2C6J4V2	2|6|4|2	TECNICO EN CONECTIVIDAD Y REDES	CASA CENTRAL SANTIAGO	TECNICO EN CONECTIVIDAD Y REDES|CASA CENTRAL SANTIAGO|4	TECNICO EN CONECTIVIDAD Y REDES|3|4|1|5|1|1	OK	OK	OK	OK	
2	CASA CENTRAL (SANTIAGO)	10	TECNICO EN PREVENCION DE RIESGOS	1	1	1	1	NO APLICA	5	0	5	1	5	TECNICO EN PREVENCION DE RIESGOS	1	1	2013	2	1	0	9	0	0	0	0	0	0	0	0	1	0	0	0																		I162S2C10J1V1	I162S2C10J1V1	2|10|1|1	TECNICO EN PREVENCION DE RIESGOS	CASA CENTRAL SANTIAGO	TECNICO EN PREVENCION DE RIESGOS|CASA CENTRAL SANTIAGO|1	TECNICO EN PREVENCION DE RIESGOS|1|1|1|5|1|1	OK	OK	OK	OK	
2	CASA CENTRAL (SANTIAGO)	10	TECNICO EN PREVENCION DE RIESGOS	1	2	1	1	NO APLICA	5	0	5	1	5	TECNICO EN PREVENCION DE RIESGOS	1	1	2013	2	1	0	9	0	0	0	0	0	0	0	0	1	0	0	0																		I162S2C10J2V1	I162S2C10J2V1	2|10|2|1	TECNICO EN PREVENCION DE RIESGOS	CASA CENTRAL SANTIAGO	TECNICO EN PREVENCION DE RIESGOS|CASA CENTRAL SANTIAGO|2	TECNICO EN PREVENCION DE RIESGOS|1|2|1|5|1|1	OK	OK	OK	OK	
2	CASA CENTRAL (SANTIAGO)	10	TECNICO EN PREVENCION DE RIESGOS	3	4	1	1	NO APLICA	5	0	5	2	7	TECNICO EN PREVENCION DE RIESGOS	1	1	2026	2	1	0	9	0	0	0	0	0	0	0	0	1	0	45	0																		I162S2C10J4V1	I162S2C10J4V1	2|10|4|1	TECNICO EN PREVENCION DE RIESGOS	CASA CENTRAL SANTIAGO	TECNICO EN PREVENCION DE RIESGOS|CASA CENTRAL SANTIAGO|4	TECNICO EN PREVENCION DE RIESGOS|3|4|1|5|1|1	OK	OK	OK	OK	
2	CASA CENTRAL (SANTIAGO)	11	TECNICO EN AUTOMATIZACION Y CONTROL INDUSTRIAL	1	1	1	1	NO APLICA	5	0	5	1	5	TECNICO EN AUTOMATIZACION Y CONTROL INDUSTRIAL	1	1	2013	2	1	0	7	0	0	0	1	0	0	1	1	1	1	0	0																		I162S2C11J1V1	I162S2C11J1V1	2|11|1|1	TECNICO EN AUTOMATIZACION Y CONTROL INDUSTRIAL	CASA CENTRAL SANTIAGO	TECNICO EN AUTOMATIZACION Y CONTROL INDUSTRIAL|CASA CENTRAL SANTIAGO|1	TECNICO EN AUTOMATIZACION Y CONTROL INDUSTRIAL|1|1|1|5|1|1	OK	OK	OK	OK	
2	CASA CENTRAL (SANTIAGO)	11	TECNICO EN AUTOMATIZACION Y CONTROL INDUSTRIAL	1	2	1	1	NO APLICA	5	0	5	1	5	TECNICO EN AUTOMATIZACION Y CONTROL INDUSTRIAL	1	1	2013	2	1	0	7	0	0	0	1	0	0	1	1	1	1	0	0																		I162S2C11J2V1	I162S2C11J2V1	2|11|2|1	TECNICO EN AUTOMATIZACION Y CONTROL INDUSTRIAL	CASA CENTRAL SANTIAGO	TECNICO EN AUTOMATIZACION Y CONTROL INDUSTRIAL|CASA CENTRAL SANTIAGO|2	TECNICO EN AUTOMATIZACION Y CONTROL INDUSTRIAL|1|2|1|5|1|1	OK	OK	OK	OK	
2	CASA CENTRAL (SANTIAGO)	11	TECNICO EN AUTOMATIZACION Y CONTROL INDUSTRIAL	3	4	1	1	NO APLICA	5	0	5	1	5	TECNICO EN AUTOMATIZACION Y CONTROL INDUSTRIAL	1	1	2022	2	1	0	7	0	0	0	0	0	0	1	0	0	0	0	0																		I162S2C11J4V1	I162S2C11J4V1	2|11|4|1	TECNICO EN AUTOMATIZACION Y CONTROL INDUSTRIAL	CASA CENTRAL SANTIAGO	TECNICO EN AUTOMATIZACION Y CONTROL INDUSTRIAL|CASA CENTRAL SANTIAGO|4	TECNICO EN AUTOMATIZACION Y CONTROL INDUSTRIAL|3|4|1|5|1|1	OK	OK	OK	OK	
2	CASA CENTRAL (SANTIAGO)	22	INGENIERIA EN AUTOMATIZACION Y CONTROL INDUSTRIAL	1	1	1	1	NO APLICA	8	0	8	1	8	INGENIERO EN AUTOMATIZACION Y CONTROL INDUSTRIAL	1	2	2014	2	1	0	7	0	0	0	0	0	0	0	0	0	0	0	0																		I162S2C22J1V1	I162S2C22J1V1	2|22|1|1	INGENIERIA EN AUTOMATIZACION Y CONTROL INDUSTRIAL	CASA CENTRAL SANTIAGO	INGENIERIA EN AUTOMATIZACION Y CONTROL INDUSTRIAL|CASA CENTRAL SANTIAGO|1	INGENIERIA EN AUTOMATIZACION Y CONTROL INDUSTRIAL|1|1|1|8|1|2	OK	OK	OK	OK	
2	CASA CENTRAL (SANTIAGO)	22	INGENIERIA EN AUTOMATIZACION Y CONTROL INDUSTRIAL	1	2	1	1	NO APLICA	8	0	8	1	8	INGENIERO EN AUTOMATIZACION Y CONTROL INDUSTRIAL	1	2	2014	2	1	0	7	0	0	0	0	0	0	0	0	0	0	0	0																		I162S2C22J2V1	I162S2C22J2V1	2|22|2|1	INGENIERIA EN AUTOMATIZACION Y CONTROL INDUSTRIAL	CASA CENTRAL SANTIAGO	INGENIERIA EN AUTOMATIZACION Y CONTROL INDUSTRIAL|CASA CENTRAL SANTIAGO|2	INGENIERIA EN AUTOMATIZACION Y CONTROL INDUSTRIAL|1|2|1|8|1|2	OK	OK	OK	OK	
2	CASA CENTRAL (SANTIAGO)	22	INGENIERIA EN AUTOMATIZACION Y CONTROL INDUSTRIAL	1	2	2	3	NO APLICA	4	0	4	1	4	INGENIERO EN AUTOMATIZACION Y CONTROL INDUSTRIAL	1	2	2017	2	2	4	7	0	0	0	0	0	0	0	0	0	0	0	0																		I162S2C22J2V2	I162S2C22J2V2	2|22|2|2	INGENIERIA EN AUTOMATIZACION Y CONTROL INDUSTRIAL	CASA CENTRAL SANTIAGO	INGENIERIA EN AUTOMATIZACION Y CONTROL INDUSTRIAL|CASA CENTRAL SANTIAGO|2	INGENIERIA EN AUTOMATIZACION Y CONTROL INDUSTRIAL|1|2|3|4|1|2	OK	OK	OK	OK	
2	CASA CENTRAL (SANTIAGO)	22	INGENIERIA EN AUTOMATIZACION Y CONTROL INDUSTRIAL	3	4	2	3	NO APLICA	4	0	4	1	4	INGENIERO EN AUTOMATIZACION Y CONTROL INDUSTRIAL	1	2	2024	2	2	4	7	0	0	0	0	0	0	0	0	0	0	0	0																		I162S2C22J4V2	I162S2C22J4V2	2|22|4|2	INGENIERIA EN AUTOMATIZACION Y CONTROL INDUSTRIAL	CASA CENTRAL SANTIAGO	INGENIERIA EN AUTOMATIZACION Y CONTROL INDUSTRIAL|CASA CENTRAL SANTIAGO|4	INGENIERIA EN AUTOMATIZACION Y CONTROL INDUSTRIAL|3|4|3|4|1|2	OK	OK	OK	OK	
2	CASA CENTRAL (SANTIAGO)	22	INGENIERIA EN AUTOMATIZACION Y CONTROL INDUSTRIAL	3	4	1	1	NO APLICA	8	0	8	1	8	INGENIERO EN AUTOMATIZACION Y CONTROL INDUSTRIAL	1	2	2022	2	1	0	7	0	0	0	0	0	0	0	0	0	0	0	0																		I162S2C22J4V1	I162S2C22J4V1	2|22|4|1	INGENIERIA EN AUTOMATIZACION Y CONTROL INDUSTRIAL	CASA CENTRAL SANTIAGO	INGENIERIA EN AUTOMATIZACION Y CONTROL INDUSTRIAL|CASA CENTRAL SANTIAGO|4	INGENIERIA EN AUTOMATIZACION Y CONTROL INDUSTRIAL|3|4|1|8|1|2	OK	OK	OK	OK	
2	CASA CENTRAL (SANTIAGO)	35	TECNICO EN ANALISIS DE SISTEMAS	1	1	1	1	NO APLICA	6	0	6	1	6	TECNICO EN ANALISIS DE SISTEMAS	1	1	2015	2	1	0	10	0	0	0	1	0	0	0	0	0	1	0	0																		I162S2C35J1V1	I162S2C35J1V1	2|35|1|1	TECNICO EN ANALISIS DE SISTEMAS	CASA CENTRAL SANTIAGO	TECNICO EN ANALISIS DE SISTEMAS|CASA CENTRAL SANTIAGO|1	TECNICO EN ANALISIS DE SISTEMAS|1|1|1|6|1|1	OK	OK	OK	OK	
2	CASA CENTRAL (SANTIAGO)	35	TECNICO EN ANALISIS DE SISTEMAS	1	2	1	1	NO APLICA	6	0	6	1	6	TECNICO EN ANALISIS DE SISTEMAS	1	1	2015	2	1	0	10	0	0	0	1	0	0	0	0	0	1	0	0																		I162S2C35J2V1	I162S2C35J2V1	2|35|2|1	TECNICO EN ANALISIS DE SISTEMAS	CASA CENTRAL SANTIAGO	TECNICO EN ANALISIS DE SISTEMAS|CASA CENTRAL SANTIAGO|2	TECNICO EN ANALISIS DE SISTEMAS|1|2|1|6|1|1	OK	OK	OK	OK	
2	CASA CENTRAL (SANTIAGO)	35	TECNICO EN ANALISIS DE SISTEMAS	3	4	1	1	NO APLICA	6	0	6	1	6	TECNICO EN ANALISIS DE SISTEMAS	1	1	2017	2	1	0	10	0	0	0	1	0	0	0	0	0	1	0	0																		I162S2C35J4V1	I162S2C35J4V1	2|35|4|1	TECNICO EN ANALISIS DE SISTEMAS	CASA CENTRAL SANTIAGO	TECNICO EN ANALISIS DE SISTEMAS|CASA CENTRAL SANTIAGO|4	TECNICO EN ANALISIS DE SISTEMAS|3|4|1|6|1|1	OK	OK	OK	OK	
2	CASA CENTRAL (SANTIAGO)	35	TECNICO EN ANALISIS DE SISTEMAS	1	1	2	1	NO APLICA	6	0	6	1	6	TECNICO EN ANALISIS DE SISTEMAS	1	1	2019	2	1	0	10	0	0	0	1	0	0	0	0	0	1	0	0																		I162S2C35J1V2	I162S2C35J1V2	2|35|1|2	TECNICO EN ANALISIS DE SISTEMAS	CASA CENTRAL SANTIAGO	TECNICO EN ANALISIS DE SISTEMAS|CASA CENTRAL SANTIAGO|1	TECNICO EN ANALISIS DE SISTEMAS|1|1|1|6|1|1	OK	OK	OK	OK	
2	CASA CENTRAL (SANTIAGO)	35	TECNICO EN ANALISIS DE SISTEMAS	1	2	2	1	NO APLICA	6	0	6	1	6	TECNICO EN ANALISIS DE SISTEMAS	1	1	2019	2	1	0	10	0	0	0	1	0	0	0	0	0	1	0	0																		I162S2C35J2V2	I162S2C35J2V2	2|35|2|2	TECNICO EN ANALISIS DE SISTEMAS	CASA CENTRAL SANTIAGO	TECNICO EN ANALISIS DE SISTEMAS|CASA CENTRAL SANTIAGO|2	TECNICO EN ANALISIS DE SISTEMAS|1|2|1|6|1|1	OK	OK	OK	OK	
2	CASA CENTRAL (SANTIAGO)	35	TECNICO EN ANALISIS DE SISTEMAS	3	4	2	1	NO APLICA	6	0	6	1	6	TECNICO EN ANALISIS DE SISTEMAS	1	1	2019	2	1	0	10	0	0	0	1	0	0	0	0	0	1	0	0																		I162S2C35J4V2	I162S2C35J4V2	2|35|4|2	TECNICO EN ANALISIS DE SISTEMAS	CASA CENTRAL SANTIAGO	TECNICO EN ANALISIS DE SISTEMAS|CASA CENTRAL SANTIAGO|4	TECNICO EN ANALISIS DE SISTEMAS|3|4|1|6|1|1	OK	OK	OK	OK	
2	CASA CENTRAL (SANTIAGO)	40	DIPLOMADO EN DOCENCIA EN EDUCACION SUPERIOR TECNICO PROFESIONAL	2	2	1	1	NO APLICA	2	0	2	1	2	DIPLOMADO EN DOCENCIA EN EDUCACION SUPERIOR TECNICO PROFESIONAL	3	5	2017	2	2	0	6	0	0	0	0	0	0	0	0	0	0	0	0																		I162S2C40J2V1	I162S2C40J2V1	2|40|2|1	DIPLOMADO EN DOCENCIA EN EDUCACION SUPERIOR TECNICO PROFESIONAL	CASA CENTRAL SANTIAGO	DIPLOMADO EN DOCENCIA EN EDUCACION SUPERIOR TECNICO PROFESIONAL|CASA CENTRAL SANTIAGO|2	DIPLOMADO EN DOCENCIA EN EDUCACION SUPERIOR TECNICO PROFESIONAL|2|2|1|2|3|5	OK	OK	OK	OK	
2	CASA CENTRAL (SANTIAGO)	46	INGENIERIA EN CIBERSEGURIDAD	1	1	1	1	NO APLICA	8	0	8	1	8	INGENIERO EN CIBERSEGURIDAD	1	2	2019	2	1	0	10	0	0	0	0	0	0	0	0	0	0	30	0																		I162S2C46J1V1	I162S2C46J1V1	2|46|1|1	INGENIERIA EN CIBERSEGURIDAD	CASA CENTRAL SANTIAGO	INGENIERIA EN CIBERSEGURIDAD|CASA CENTRAL SANTIAGO|1	INGENIERIA EN CIBERSEGURIDAD|1|1|1|8|1|2	OK	OK	OK	OK	
2	CASA CENTRAL (SANTIAGO)	46	INGENIERIA EN CIBERSEGURIDAD	1	2	1	1	NO APLICA	8	0	8	1	8	INGENIERO EN CIBERSEGURIDAD	1	2	2019	2	1	0	10	0	0	0	0	0	0	0	0	0	0	30	0																		I162S2C46J2V1	I162S2C46J2V1	2|46|2|1	INGENIERIA EN CIBERSEGURIDAD	CASA CENTRAL SANTIAGO	INGENIERIA EN CIBERSEGURIDAD|CASA CENTRAL SANTIAGO|2	INGENIERIA EN CIBERSEGURIDAD|1|2|1|8|1|2	OK	OK	OK	OK	
2	CASA CENTRAL (SANTIAGO)	46	INGENIERIA EN CIBERSEGURIDAD	1	2	3	3	NO APLICA	4	0	4	1	4	INGENIERO EN CIBERSEGURIDAD	1	2	2019	2	2	4	10	0	0	0	0	0	0	0	0	0	0	0	0																		I162S2C46J2V3	I162S2C46J2V3	2|46|2|3	INGENIERIA EN CIBERSEGURIDAD	CASA CENTRAL SANTIAGO	INGENIERIA EN CIBERSEGURIDAD|CASA CENTRAL SANTIAGO|2	INGENIERIA EN CIBERSEGURIDAD|1|2|3|4|1|2	OK	OK	OK	OK	
2	CASA CENTRAL (SANTIAGO)	46	INGENIERIA EN CIBERSEGURIDAD	3	4	1	3	NO APLICA	4	0	4	1	4	INGENIERO EN CIBERSEGURIDAD	1	2	2020	2	2	4	10	0	0	0	0	0	0	0	0	0	0	0	0																		I162S2C46J4V1	I162S2C46J4V1	2|46|4|1	INGENIERIA EN CIBERSEGURIDAD	CASA CENTRAL SANTIAGO	INGENIERIA EN CIBERSEGURIDAD|CASA CENTRAL SANTIAGO|4	INGENIERIA EN CIBERSEGURIDAD|3|4|3|4|1|2	OK	OK	OK	OK	
2	CASA CENTRAL (SANTIAGO)	46	INGENIERIA EN CIBERSEGURIDAD	3	4	3	1	NO APLICA	8	0	8	1	8	INGENIERO EN CIBERSEGURIDAD	1	2	2021	2	1	0	10	0	0	0	0	0	0	0	0	0	0	120	65																		I162S2C46J4V3	I162S2C46J4V3	2|46|4|3	INGENIERIA EN CIBERSEGURIDAD	CASA CENTRAL SANTIAGO	INGENIERIA EN CIBERSEGURIDAD|CASA CENTRAL SANTIAGO|4	INGENIERIA EN CIBERSEGURIDAD|3|4|1|8|1|2	OK	OK	OK	OK	
2	CASA CENTRAL (SANTIAGO)	47	TECNICO EN CIBERSEGURIDAD	1	1	1	1	NO APLICA	5	0	5	1	5	TECNICO EN CIBERSEGURIDAD	1	1	2019	2	1	0	10	0	0	0	1	0	0	1	1	1	1	30	0																		I162S2C47J1V1	I162S2C47J1V1	2|47|1|1	TECNICO EN CIBERSEGURIDAD	CASA CENTRAL SANTIAGO	TECNICO EN CIBERSEGURIDAD|CASA CENTRAL SANTIAGO|1	TECNICO EN CIBERSEGURIDAD|1|1|1|5|1|1	OK	OK	OK	OK	
2	CASA CENTRAL (SANTIAGO)	47	TECNICO EN CIBERSEGURIDAD	1	2	1	1	NO APLICA	5	0	5	1	5	TECNICO EN CIBERSEGURIDAD	1	1	2019	2	1	0	10	0	0	0	1	0	0	1	1	1	1	30	0																		I162S2C47J2V1	I162S2C47J2V1	2|47|2|1	TECNICO EN CIBERSEGURIDAD	CASA CENTRAL SANTIAGO	TECNICO EN CIBERSEGURIDAD|CASA CENTRAL SANTIAGO|2	TECNICO EN CIBERSEGURIDAD|1|2|1|5|1|1	OK	OK	OK	OK	
2	CASA CENTRAL (SANTIAGO)	47	TECNICO EN CIBERSEGURIDAD	3	4	1	1	NO APLICA	5	0	5	1	5	TECNICO EN CIBERSEGURIDAD	1	1	2020	2	1	0	10	0	0	0	1	0	0	1	1	1	1	80	0																		I162S2C47J4V1	I162S2C47J4V1	2|47|4|1	TECNICO EN CIBERSEGURIDAD	CASA CENTRAL SANTIAGO	TECNICO EN CIBERSEGURIDAD|CASA CENTRAL SANTIAGO|4	TECNICO EN CIBERSEGURIDAD|3|4|1|5|1|1	OK	OK	OK	OK	
2	CASA CENTRAL (SANTIAGO)	48	TECNICO EN CONTROL INDUSTRIAL	3	4	1	1	NO APLICA	5	0	5	1	5	TECNICO EN CONTROL INDUSTRIAL	1	1	2019	2	1	0	7	0	0	0	0	0	0	1	0	0	0	5	0																		I162S2C48J4V1	I162S2C48J4V1	2|48|4|1	TECNICO EN CONTROL INDUSTRIAL	CASA CENTRAL SANTIAGO	TECNICO EN CONTROL INDUSTRIAL|CASA CENTRAL SANTIAGO|4	TECNICO EN CONTROL INDUSTRIAL|3|4|1|5|1|1	OK	OK	OK	OK	
2	CASA CENTRAL (SANTIAGO)	53	DIPLOMADO EN CIBERSEGURIDAD APLICADA	2	3	1	1	NO APLICA	1	0	1	1	1	DIPLOMADO EN CIBERSEGURIDAD APLICADA	3	5	2019	2	2	0	10	0	0	0	0	0	0	0	0	0	0	20	0																		I162S2C53J3V1	I162S2C53J3V1	2|53|3|1	DIPLOMADO EN CIBERSEGURIDAD APLICADA	CASA CENTRAL SANTIAGO	DIPLOMADO EN CIBERSEGURIDAD APLICADA|CASA CENTRAL SANTIAGO|3	DIPLOMADO EN CIBERSEGURIDAD APLICADA|2|3|1|1|3|5	OK	OK	OK	OK	
2	CASA CENTRAL (SANTIAGO)	57	TECNICO EN PROGRAMACION Y ANALISIS DE SISTEMAS	1	1	1	1	NO APLICA	5	0	5	1	5	TECNICO EN PROGRAMACION Y ANALISIS DE SISTEMAS	1	1	2020	2	1	0	10	0	0	0	1	0	0	1	1	1	1	30	0																		I162S2C57J1V1	I162S2C57J1V1	2|57|1|1	TECNICO EN PROGRAMACION Y ANALISIS DE SISTEMAS	CASA CENTRAL SANTIAGO	TECNICO EN PROGRAMACION Y ANALISIS DE SISTEMAS|CASA CENTRAL SANTIAGO|1	TECNICO EN PROGRAMACION Y ANALISIS DE SISTEMAS|1|1|1|5|1|1	OK	OK	OK	OK	
2	CASA CENTRAL (SANTIAGO)	57	TECNICO EN PROGRAMACION Y ANALISIS DE SISTEMAS	1	2	1	1	NO APLICA	5	0	5	1	5	TECNICO EN PROGRAMACION Y ANALISIS DE SISTEMAS	1	1	2020	2	1	0	10	0	0	0	1	0	0	1	1	1	1	30	0																		I162S2C57J2V1	I162S2C57J2V1	2|57|2|1	TECNICO EN PROGRAMACION Y ANALISIS DE SISTEMAS	CASA CENTRAL SANTIAGO	TECNICO EN PROGRAMACION Y ANALISIS DE SISTEMAS|CASA CENTRAL SANTIAGO|2	TECNICO EN PROGRAMACION Y ANALISIS DE SISTEMAS|1|2|1|5|1|1	OK	OK	OK	OK	
2	CASA CENTRAL (SANTIAGO)	57	TECNICO EN PROGRAMACION Y ANALISIS DE SISTEMAS	3	4	1	1	NO APLICA	5	0	5	1	5	TECNICO EN PROGRAMACION Y ANALISIS DE SISTEMAS	1	1	2020	2	1	0	10	0	0	0	1	0	0	1	1	1	1	160	50																		I162S2C57J4V1	I162S2C57J4V1	2|57|4|1	TECNICO EN PROGRAMACION Y ANALISIS DE SISTEMAS	CASA CENTRAL SANTIAGO	TECNICO EN PROGRAMACION Y ANALISIS DE SISTEMAS|CASA CENTRAL SANTIAGO|4	TECNICO EN PROGRAMACION Y ANALISIS DE SISTEMAS|3|4|1|5|1|1	OK	OK	OK	OK	
2	CASA CENTRAL (SANTIAGO)	63	DIPLOMADO EN ARQUITECTURA CLOUD	3	4	1	1	NO APLICA	1	0	1	1	1	DIPLOMADO EN ARQUITECTURA CLOUD	3	5	2023	2	2	0	10	0	0	0	0	0	0	0	0	0	0	25	25																		I162S2C63J4V1	I162S2C63J4V1	2|63|4|1	DIPLOMADO EN ARQUITECTURA CLOUD	CASA CENTRAL SANTIAGO	DIPLOMADO EN ARQUITECTURA CLOUD|CASA CENTRAL SANTIAGO|4	DIPLOMADO EN ARQUITECTURA CLOUD|3|4|1|1|3|5	OK	OK	OK	OK	
2	CASA CENTRAL (SANTIAGO)	64	DIPLOMADO EN BACKEND	3	4	1	1	NO APLICA	1	0	1	1	1	DIPLOMADO EN BACKEND	3	5	2023	2	2	0	10	0	0	0	0	0	0	0	0	0	0	25	25																		I162S2C64J4V1	I162S2C64J4V1	2|64|4|1	DIPLOMADO EN BACKEND	CASA CENTRAL SANTIAGO	DIPLOMADO EN BACKEND|CASA CENTRAL SANTIAGO|4	DIPLOMADO EN BACKEND|3|4|1|1|3|5	OK	OK	OK	OK	
2	CASA CENTRAL (SANTIAGO)	65	DIPLOMADO EN FRONTEND	3	4	1	1	NO APLICA	1	0	1	1	1	DIPLOMADO EN FRONTEND	3	5	2023	2	2	0	10	0	0	0	0	0	0	0	0	0	0	25	25																		I162S2C65J4V1	I162S2C65J4V1	2|65|4|1	DIPLOMADO EN FRONTEND	CASA CENTRAL SANTIAGO	DIPLOMADO EN FRONTEND|CASA CENTRAL SANTIAGO|4	DIPLOMADO EN FRONTEND|3|4|1|1|3|5	OK	OK	OK	OK	
2	CASA CENTRAL (SANTIAGO)	66	DIPLOMADO EN FULLSTACK	3	4	1	1	NO APLICA	1	0	1	1	1	DIPLOMADO EN FULLSTACK	3	5	2023	2	2	0	10	0	0	0	0	0	0	0	0	0	0	25	25																		I162S2C66J4V1	I162S2C66J4V1	2|66|4|1	DIPLOMADO EN FULLSTACK	CASA CENTRAL SANTIAGO	DIPLOMADO EN FULLSTACK|CASA CENTRAL SANTIAGO|4	DIPLOMADO EN FULLSTACK|3|4|1|1|3|5	OK	OK	OK	OK	
2	CASA CENTRAL (SANTIAGO)	67	DIPLOMADO EN QUALITY ASSURANCE	3	4	1	1	NO APLICA	1	0	1	1	1	DIPLOMADO EN QUALITY ASSURANCE	3	5	2023	2	2	0	1	0	0	0	0	0	0	0	0	0	0	25	0																		I162S2C67J4V1	I162S2C67J4V1	2|67|4|1	DIPLOMADO EN QUALITY ASSURANCE	CASA CENTRAL SANTIAGO	DIPLOMADO EN QUALITY ASSURANCE|CASA CENTRAL SANTIAGO|4	DIPLOMADO EN QUALITY ASSURANCE|3|4|1|1|3|5	OK	OK	OK	OK	
2	CASA CENTRAL (SANTIAGO)	68	DIPLOMADO EN SEGURIDAD OFENSIVA	3	4	1	1	NO APLICA	1	0	1	1	1	DIPLOMADO EN SEGURIDAD OFENSIVA	3	5	2023	2	2	0	9	0	0	0	0	0	0	0	0	0	0	25	0																		I162S2C68J4V1	I162S2C68J4V1	2|68|4|1	DIPLOMADO EN SEGURIDAD OFENSIVA	CASA CENTRAL SANTIAGO	DIPLOMADO EN SEGURIDAD OFENSIVA|CASA CENTRAL SANTIAGO|4	DIPLOMADO EN SEGURIDAD OFENSIVA|3|4|1|1|3|5	OK	OK	OK	OK	
2	CASA CENTRAL (SANTIAGO)	69	DIPLOMADO INFRAESTRUCTURA CLOUD	3	4	1	1	NO APLICA	1	0	1	1	1	DIPLOMADO INFRAESTRUCTURA CLOUD	3	5	2023	2	2	0	10	0	0	0	0	0	0	0	0	0	0	25	0																		I162S2C69J4V1	I162S2C69J4V1	2|69|4|1	DIPLOMADO INFRAESTRUCTURA CLOUD	CASA CENTRAL SANTIAGO	DIPLOMADO INFRAESTRUCTURA CLOUD|CASA CENTRAL SANTIAGO|4	DIPLOMADO INFRAESTRUCTURA CLOUD|3|4|1|1|3|5	OK	OK	OK	OK	
2	CASA CENTRAL (SANTIAGO)	70	DIPLOMADO REDES INDUSTRIALES	3	4	1	1	NO APLICA	1	0	1	1	1	DIPLOMADO REDES INDUSTRIALES	3	5	2023	2	2	0	7	0	0	0	0	0	0	0	0	0	0	25	0																		I162S2C70J4V1	I162S2C70J4V1	2|70|4|1	DIPLOMADO REDES INDUSTRIALES	CASA CENTRAL SANTIAGO	DIPLOMADO REDES INDUSTRIALES|CASA CENTRAL SANTIAGO|4	DIPLOMADO REDES INDUSTRIALES|3|4|1|1|3|5	OK	OK	OK	OK	
2	CASA CENTRAL (SANTIAGO)	71	DIPLOMADO SEGURIDAD EN ARQUITECTURA DE REDES	3	4	1	1	NO APLICA	1	0	1	1	1	DIPLOMADO SEGURIDAD EN ARQUITECTURA DE REDES	3	5	2023	2	2	0	10	0	0	0	0	0	0	0	0	0	0	25	0																		I162S2C71J4V1	I162S2C71J4V1	2|71|4|1	DIPLOMADO SEGURIDAD EN ARQUITECTURA DE REDES	CASA CENTRAL SANTIAGO	DIPLOMADO SEGURIDAD EN ARQUITECTURA DE REDES|CASA CENTRAL SANTIAGO|4	DIPLOMADO SEGURIDAD EN ARQUITECTURA DE REDES|3|4|1|1|3|5	OK	OK	OK	OK	
2	CASA CENTRAL (SANTIAGO)	76	INGENIERIA EN ADMINISTRACION DE EMPRESAS	1	1	1	1	NO APLICA	8	0	8	1	8	INGENIERO EN ADMINISTRACION DE EMPRESAS	1	2	2024	2	1	0	1	0	0	0	0	0	0	0	0	0	0	25	0																		I162S2C76J1V1	I162S2C76J1V1	2|76|1|1	INGENIERIA EN ADMINISTRACION DE EMPRESAS	CASA CENTRAL SANTIAGO	INGENIERIA EN ADMINISTRACION DE EMPRESAS|CASA CENTRAL SANTIAGO|1	INGENIERIA EN ADMINISTRACION DE EMPRESAS|1|1|1|8|1|2	OK	OK	OK	OK	
2	CASA CENTRAL (SANTIAGO)	76	INGENIERIA EN ADMINISTRACION DE EMPRESAS	1	2	1	1	NO APLICA	8	0	8	1	8	INGENIERO EN ADMINISTRACION DE EMPRESAS	1	2	2024	2	1	0	1	0	0	0	0	0	0	0	0	0	0	40	0																		I162S2C76J2V1	I162S2C76J2V1	2|76|2|1	INGENIERIA EN ADMINISTRACION DE EMPRESAS	CASA CENTRAL SANTIAGO	INGENIERIA EN ADMINISTRACION DE EMPRESAS|CASA CENTRAL SANTIAGO|2	INGENIERIA EN ADMINISTRACION DE EMPRESAS|1|2|1|8|1|2	OK	OK	OK	OK	
2	CASA CENTRAL (SANTIAGO)	76	INGENIERIA EN ADMINISTRACION DE EMPRESAS	3	4	1	1	NO APLICA	8	0	8	1	8	INGENIERO EN ADMINISTRACION DE EMPRESAS	1	2	2024	2	1	0	1	0	0	0	0	0	0	0	0	0	0	100	65																		I162S2C76J4V1	I162S2C76J4V1	2|76|4|1	INGENIERIA EN ADMINISTRACION DE EMPRESAS	CASA CENTRAL SANTIAGO	INGENIERIA EN ADMINISTRACION DE EMPRESAS|CASA CENTRAL SANTIAGO|4	INGENIERIA EN ADMINISTRACION DE EMPRESAS|3|4|1|8|1|2	OK	OK	OK	OK	
2	CASA CENTRAL (SANTIAGO)	76	INGENIERIA EN ADMINISTRACION DE EMPRESAS	3	4	2	3	NO APLICA	4	0	4	1	4	INGENIERO EN ADMINISTRACION DE EMPRESAS	1	2	2024	2	2	4	1	0	0	0	0	0	0	0	0	0	0	0	0																		I162S2C76J4V2	I162S2C76J4V2	2|76|4|2	INGENIERIA EN ADMINISTRACION DE EMPRESAS	CASA CENTRAL SANTIAGO	INGENIERIA EN ADMINISTRACION DE EMPRESAS|CASA CENTRAL SANTIAGO|4	INGENIERIA EN ADMINISTRACION DE EMPRESAS|3|4|3|4|1|2	OK	OK	OK	OK	
2	CASA CENTRAL (SANTIAGO)	77	INGENIERIA EN LOGISTICA	1	1	1	1	NO APLICA	8	0	8	1	8	INGENIERO EN LOGISTICA	1	2	2024	2	1	0	1	0	0	0	0	0	0	0	0	0	0	25	0																		I162S2C77J1V1	I162S2C77J1V1	2|77|1|1	INGENIERIA EN LOGISTICA	CASA CENTRAL SANTIAGO	INGENIERIA EN LOGISTICA|CASA CENTRAL SANTIAGO|1	INGENIERIA EN LOGISTICA|1|1|1|8|1|2	OK	OK	OK	OK	
2	CASA CENTRAL (SANTIAGO)	77	INGENIERIA EN LOGISTICA	1	2	1	1	NO APLICA	8	0	8	1	8	INGENIERO EN LOGISTICA	1	2	2024	2	1	0	1	0	0	0	0	0	0	0	0	0	0	25	0																		I162S2C77J2V1	I162S2C77J2V1	2|77|2|1	INGENIERIA EN LOGISTICA	CASA CENTRAL SANTIAGO	INGENIERIA EN LOGISTICA|CASA CENTRAL SANTIAGO|2	INGENIERIA EN LOGISTICA|1|2|1|8|1|2	OK	OK	OK	OK	
2	CASA CENTRAL (SANTIAGO)	77	INGENIERIA EN LOGISTICA	3	4	1	1	NO APLICA	8	0	8	1	8	INGENIERO EN LOGISTICA	1	2	2024	2	1	0	1	0	0	0	0	0	0	0	0	0	0	100	50																		I162S2C77J4V1	I162S2C77J4V1	2|77|4|1	INGENIERIA EN LOGISTICA	CASA CENTRAL SANTIAGO	INGENIERIA EN LOGISTICA|CASA CENTRAL SANTIAGO|4	INGENIERIA EN LOGISTICA|3|4|1|8|1|2	OK	OK	OK	OK	
2	CASA CENTRAL (SANTIAGO)	77	INGENIERIA EN LOGISTICA	3	4	2	3	NO APLICA	4	0	4	1	4	INGENIERO EN LOGISTICA	1	2	2024	2	2	4	1	0	0	0	0	0	0	0	0	0	0	0	0																		I162S2C77J4V2	I162S2C77J4V2	2|77|4|2	INGENIERIA EN LOGISTICA	CASA CENTRAL SANTIAGO	INGENIERIA EN LOGISTICA|CASA CENTRAL SANTIAGO|4	INGENIERIA EN LOGISTICA|3|4|3|4|1|2	OK	OK	OK	OK	
2	CASA CENTRAL (SANTIAGO)	78	TECNICO EN ADMINISTRACION DE EMPRESAS	1	1	1	1	NO APLICA	5	0	5	1	5	TECNICO EN ADMINISTRACION DE EMPRESAS	1	1	2024	2	1	0	1	1	0	0	1	1	0	1	0	1	1	25	0																		I162S2C78J1V1	I162S2C78J1V1	2|78|1|1	TECNICO EN ADMINISTRACION DE EMPRESAS	CASA CENTRAL SANTIAGO	TECNICO EN ADMINISTRACION DE EMPRESAS|CASA CENTRAL SANTIAGO|1	TECNICO EN ADMINISTRACION DE EMPRESAS|1|1|1|5|1|1	OK	OK	OK	OK	
2	CASA CENTRAL (SANTIAGO)	78	TECNICO EN ADMINISTRACION DE EMPRESAS	1	2	1	1	NO APLICA	5	0	5	1	5	TECNICO EN ADMINISTRACION DE EMPRESAS	1	1	2024	2	1	0	1	1	0	0	1	1	0	1	0	1	1	25	0																		I162S2C78J2V1	I162S2C78J2V1	2|78|2|1	TECNICO EN ADMINISTRACION DE EMPRESAS	CASA CENTRAL SANTIAGO	TECNICO EN ADMINISTRACION DE EMPRESAS|CASA CENTRAL SANTIAGO|2	TECNICO EN ADMINISTRACION DE EMPRESAS|1|2|1|5|1|1	OK	OK	OK	OK	
2	CASA CENTRAL (SANTIAGO)	78	TECNICO EN ADMINISTRACION DE EMPRESAS	3	4	1	1	NO APLICA	5	0	5	1	5	TECNICO EN ADMINISTRACION DE EMPRESAS	1	1	2024	2	1	0	1	1	0	0	1	1	0	1	0	1	1	80	0																		I162S2C78J4V1	I162S2C78J4V1	2|78|4|1	TECNICO EN ADMINISTRACION DE EMPRESAS	CASA CENTRAL SANTIAGO	TECNICO EN ADMINISTRACION DE EMPRESAS|CASA CENTRAL SANTIAGO|4	TECNICO EN ADMINISTRACION DE EMPRESAS|3|4|1|5|1|1	OK	OK	OK	OK	
2	CASA CENTRAL (SANTIAGO)	79	TECNICO EN LOGISTICA	1	1	1	1	NO APLICA	5	0	5	1	5	TECNICO EN LOGISTICA	1	1	2024	2	1	0	1	1	0	0	1	1	0	1	0	1	1	25	0																		I162S2C79J1V1	I162S2C79J1V1	2|79|1|1	TECNICO EN LOGISTICA	CASA CENTRAL SANTIAGO	TECNICO EN LOGISTICA|CASA CENTRAL SANTIAGO|1	TECNICO EN LOGISTICA|1|1|1|5|1|1	OK	OK	OK	OK	
2	CASA CENTRAL (SANTIAGO)	79	TECNICO EN LOGISTICA	1	2	1	1	NO APLICA	5	0	5	1	5	TECNICO EN LOGISTICA	1	1	2024	2	1	0	1	1	0	0	1	1	0	1	0	1	1	25	0																		I162S2C79J2V1	I162S2C79J2V1	2|79|2|1	TECNICO EN LOGISTICA	CASA CENTRAL SANTIAGO	TECNICO EN LOGISTICA|CASA CENTRAL SANTIAGO|2	TECNICO EN LOGISTICA|1|2|1|5|1|1	OK	OK	OK	OK	
2	CASA CENTRAL (SANTIAGO)	79	TECNICO EN LOGISTICA	3	4	1	1	NO APLICA	5	0	5	1	5	TECNICO EN LOGISTICA	1	1	2024	2	1	0	1	1	0	0	1	1	0	1	0	1	1	80	0																		I162S2C79J4V1	I162S2C79J4V1	2|79|4|1	TECNICO EN LOGISTICA	CASA CENTRAL SANTIAGO	TECNICO EN LOGISTICA|CASA CENTRAL SANTIAGO|4	TECNICO EN LOGISTICA|3|4|1|5|1|1	OK	OK	OK	OK	
2	CASA CENTRAL (SANTIAGO)	83	ADMINISTRACION PUBLICA	3	4	1	1	NO APLICA	8	0	8	1	8	ADMINISTRADOR PUBLICO	1	2	2025	2	1	0	1	0	0	0	0	0	0	0	0	0	0	90	45																		I162S2C83J4V1	I162S2C83J4V1	2|83|4|1	ADMINISTRACION PUBLICA	CASA CENTRAL SANTIAGO	ADMINISTRACION PUBLICA|CASA CENTRAL SANTIAGO|4	ADMINISTRACION PUBLICA|3|4|1|8|1|2	OK	OK	OK	OK	
2	CASA CENTRAL (SANTIAGO)	83	ADMINISTRACION PUBLICA	3	4	2	3	NO APLICA	4	0	4	1	4	ADMINISTRADOR PUBLICO	1	2	2025	2	2	4	1	0	0	0	0	0	0	0	0	0	0	0	0																		I162S2C83J4V2	I162S2C83J4V2	2|83|4|2	ADMINISTRACION PUBLICA	CASA CENTRAL SANTIAGO	ADMINISTRACION PUBLICA|CASA CENTRAL SANTIAGO|4	ADMINISTRACION PUBLICA|3|4|3|4|1|2	OK	OK	OK	OK	
2	CASA CENTRAL (SANTIAGO)	84	TECNICO EN ADMINISTRACION PUBLICA	3	4	1	1	NO APLICA	5	0	5	1	5	TECNICO EN ADMINISTRACION PUBLICA	1	1	2025	2	1	0	1	1	0	0	0	1	0	0	0	1	0	40	0																		I162S2C84J4V1	I162S2C84J4V1	2|84|4|1	TECNICO EN ADMINISTRACION PUBLICA	CASA CENTRAL SANTIAGO	TECNICO EN ADMINISTRACION PUBLICA|CASA CENTRAL SANTIAGO|4	TECNICO EN ADMINISTRACION PUBLICA|3|4|1|5|1|1	OK	OK	OK	OK	
2	CASA CENTRAL (SANTIAGO)	85	CONTABILIDAD GENERAL	3	4	1	1	NO APLICA	5	0	5	1	5	CONTADOR GENERAL	1	1	2025	2	1	0	1	1	0	0	0	1	0	0	0	1	0	60	0																		I162S2C85J4V1	I162S2C85J4V1	2|85|4|1	CONTABILIDAD GENERAL	CASA CENTRAL SANTIAGO	CONTABILIDAD GENERAL|CASA CENTRAL SANTIAGO|4	CONTABILIDAD GENERAL|3|4|1|5|1|1	OK	OK	OK	OK	
2	CASA CENTRAL (SANTIAGO)	86	AUDITORIA	3	4	1	1	NO APLICA	8	0	8	1	8	CONTADOR AUDITOR	1	2	2025	2	1	0	1	0	0	0	0	0	0	0	0	0	0	60	45																		I162S2C86J4V1	I162S2C86J4V1	2|86|4|1	AUDITORIA	CASA CENTRAL SANTIAGO	AUDITORIA|CASA CENTRAL SANTIAGO|4	AUDITORIA|3|4|1|8|1|2	OK	OK	OK	OK	
2	CASA CENTRAL (SANTIAGO)	86	AUDITORIA	3	4	2	3	NO APLICA	4	0	4	1	4	CONTADOR AUDITOR	1	2	2025	2	2	4	1	0	0	0	0	0	0	0	0	0	0	0	0																		I162S2C86J4V2	I162S2C86J4V2	2|86|4|2	AUDITORIA	CASA CENTRAL SANTIAGO	AUDITORIA|CASA CENTRAL SANTIAGO|4	AUDITORIA|3|4|3|4|1|2	OK	OK	OK	OK	
2	CASA CENTRAL (SANTIAGO)	87	INGENIERIA INDUSTRIAL	3	4	1	3	NO APLICA	4	0	4	1	4	INGENIERO INDUSTRIAL	1	2	2025	2	2	5	7	0	0	0	0	0	0	0	0	0	0	0	0																		I162S2C87J4V1	I162S2C87J4V1	2|87|4|1	INGENIERIA INDUSTRIAL	CASA CENTRAL SANTIAGO	INGENIERIA INDUSTRIAL|CASA CENTRAL SANTIAGO|4	INGENIERIA INDUSTRIAL|3|4|3|4|1|2	OK	OK	OK	OK	
2	CASA CENTRAL (SANTIAGO)	87	INGENIERIA INDUSTRIAL	3	4	2	1	NO APLICA	8	0	8	2	12	INGENIERO INDUSTRIAL	1	2	2026	2	1	0	7	0	0	0	0	0	0	0	0	0	0	80	0																		I162S2C87J4V2	I162S2C87J4V2	2|87|4|2	INGENIERIA INDUSTRIAL	CASA CENTRAL SANTIAGO	INGENIERIA INDUSTRIAL|CASA CENTRAL SANTIAGO|4	INGENIERIA INDUSTRIAL|3|4|1|8|1|2	OK	OK	OK	OK	
2	CASA CENTRAL (SANTIAGO)	88	INGENIERIA EN CIENCIA DE DATOS	3	4	1	1	NO APLICA	8	0	8	1	8	INGENIERO EN CIENCIA DE DATOS	1	2	2025	2	1	0	4	0	0	0	0	0	0	0	0	0	0	60	0																		I162S2C88J4V1	I162S2C88J4V1	2|88|4|1	INGENIERIA EN CIENCIA DE DATOS	CASA CENTRAL SANTIAGO	INGENIERIA EN CIENCIA DE DATOS|CASA CENTRAL SANTIAGO|4	INGENIERIA EN CIENCIA DE DATOS|3|4|1|8|1|2	OK	OK	OK	OK	
2	CASA CENTRAL (SANTIAGO)	88	INGENIERIA EN CIENCIA DE DATOS	3	4	2	3	NO APLICA	4	0	4	1	4	INGENIERO EN CIENCIA DE DATOS	1	2	2025	2	2	4	4	0	0	0	0	0	0	0	0	0	0	0	0																		I162S2C88J4V2	I162S2C88J4V2	2|88|4|2	INGENIERIA EN CIENCIA DE DATOS	CASA CENTRAL SANTIAGO	INGENIERIA EN CIENCIA DE DATOS|CASA CENTRAL SANTIAGO|4	INGENIERIA EN CIENCIA DE DATOS|3|4|3|4|1|2	OK	OK	OK	OK	
2	CASA CENTRAL (SANTIAGO)	89	TECNICO EN CIENCIA DE DATOS	3	4	1	1	NO APLICA	5	0	5	1	5	TECNICO EN CIENCIA DE DATOS	1	1	2025	2	1	0	4	0	0	0	1	0	0	1	0	1	1	30	0																		I162S2C89J4V1	I162S2C89J4V1	2|89|4|1	TECNICO EN CIENCIA DE DATOS	CASA CENTRAL SANTIAGO	TECNICO EN CIENCIA DE DATOS|CASA CENTRAL SANTIAGO|4	TECNICO EN CIENCIA DE DATOS|3|4|1|5|1|1	OK	OK	OK	OK	
2	CASA CENTRAL (SANTIAGO)	90	NATUROPATIA	1	2	1	3	NO APLICA	4	0	4	1	4	NATUROPATA	1	2	2025	2	2	5	8	0	0	0	0	0	0	0	0	0	0	0	0																		I162S2C90J2V1	I162S2C90J2V1	2|90|2|1	NATUROPATIA	CASA CENTRAL SANTIAGO	NATUROPATIA|CASA CENTRAL SANTIAGO|2	NATUROPATIA|1|2|3|4|1|2	OK	OK	OK	OK	
2	CASA CENTRAL (SANTIAGO)	90	NATUROPATIA	1	2	2	1	NO APLICA	8	0	8	2	12	NATUROPATA	1	2	2026	2	1	0	8	0	0	0	0	0	0	0	0	0	0	30	0																		I162S2C90J2V2	I162S2C90J2V2	2|90|2|2	NATUROPATIA	CASA CENTRAL SANTIAGO	NATUROPATIA|CASA CENTRAL SANTIAGO|2	NATUROPATIA|1|2|1|8|1|2	OK	OK	OK	OK	
2	CASA CENTRAL (SANTIAGO)	91	TECNICO EN ENFERMERIA	1	1	1	1	NO APLICA	5	0	5	1	5	TECNICO EN ENFERMERIA	1	1	2025	2	1	0	8	0	0	0	0	0	0	0	1	1	0	80	0																		I162S2C91J1V1	I162S2C91J1V1	2|91|1|1	TECNICO EN ENFERMERIA	CASA CENTRAL SANTIAGO	TECNICO EN ENFERMERIA|CASA CENTRAL SANTIAGO|1	TECNICO EN ENFERMERIA|1|1|1|5|1|1	OK	OK	OK	OK	
2	CASA CENTRAL (SANTIAGO)	91	TECNICO EN ENFERMERIA	1	2	1	1	NO APLICA	5	0	5	1	5	TECNICO EN ENFERMERIA	1	1	2025	2	1	0	8	0	0	0	0	0	0	0	1	1	0	80	60																		I162S2C91J2V1	I162S2C91J2V1	2|91|2|1	TECNICO EN ENFERMERIA	CASA CENTRAL SANTIAGO	TECNICO EN ENFERMERIA|CASA CENTRAL SANTIAGO|2	TECNICO EN ENFERMERIA|1|2|1|5|1|1	OK	OK	OK	OK	
3	SEDE CONCEPCION	91	TECNICO EN ENFERMERIA	1	2	1	1	NO APLICA	5	0	5	2	7	TECNICO EN ENFERMERIA	1	1	2026	2	1	0	8	0	0	0	0	0	0	0	1	1	0	36	0																		I162S3C91J2V1	I162S3C91J2V1	3|91|2|1	TECNICO EN ENFERMERIA	SEDE CONCEPCION	TECNICO EN ENFERMERIA|SEDE CONCEPCION|2	TECNICO EN ENFERMERIA|1|2|1|5|1|1	OK	OK	OK	OK	
2	CASA CENTRAL (SANTIAGO)	95	DIPLOMADO EN INTELIGENCIA ARTIFICIAL	3	4	1	1	NO APLICA	1	0	1	1	1	DIPLOMADO EN INTELIGENCIA ARTIFICIAL	3	5	2025	2	2	0	10	0	0	0	0	0	0	0	0	0	0	25	25																		I162S2C95J4V1	I162S2C95J4V1	2|95|4|1	DIPLOMADO EN INTELIGENCIA ARTIFICIAL	CASA CENTRAL SANTIAGO	DIPLOMADO EN INTELIGENCIA ARTIFICIAL|CASA CENTRAL SANTIAGO|4	DIPLOMADO EN INTELIGENCIA ARTIFICIAL|3|4|1|1|3|5	OK	OK	OK	OK	
2	CASA CENTRAL (SANTIAGO)	96	DIPLOMADO EN GOBERNANZA DE DATOS	3	4	1	1	NO APLICA	1	0	1	1	1	DIPLOMADO EN GOBERNANZA DE DATOS	3	5	2025	2	2	0	4	0	0	0	0	0	0	0	0	0	0	25	25																		I162S2C96J4V1	I162S2C96J4V1	2|96|4|1	DIPLOMADO EN GOBERNANZA DE DATOS	CASA CENTRAL SANTIAGO	DIPLOMADO EN GOBERNANZA DE DATOS|CASA CENTRAL SANTIAGO|4	DIPLOMADO EN GOBERNANZA DE DATOS|3|4|1|1|3|5	OK	OK	OK	OK	
2	CASA CENTRAL (SANTIAGO)	97	DIPLOMADO EN SUPPLY CHAIN MANAGEMENT Y MINERIA DE REQUERIMIENTOS	3	4	1	1	NO APLICA	1	0	1	1	1	DIPLOMADO EN SUPPLY CHAIN MANAGEMENT Y MINERIA DE REQUERIMIENTOS	3	5	2025	2	2	0	1	0	0	0	0	0	0	0	0	0	0	25	25																		I162S2C97J4V1	I162S2C97J4V1	2|97|4|1	DIPLOMADO EN SUPPLY CHAIN MANAGEMENT Y MINERIA DE REQUERIMIENTOS	CASA CENTRAL SANTIAGO	DIPLOMADO EN SUPPLY CHAIN MANAGEMENT Y MINERIA DE REQUERIMIENTOS|CASA CENTRAL SANTIAGO|4	DIPLOMADO EN SUPPLY CHAIN MANAGEMENT Y MINERIA DE REQUERIMIENTOS|3|4|1|1|3|5	OK	OK	OK	OK	
2	CASA CENTRAL (SANTIAGO)	98	DIPLOMADO EN HABILIDADES DIRECTIVAS PARA PROFESIONALES STEM	3	4	1	1	NO APLICA	1	0	1	1	1	DIPLOMADO EN HABILIDADES DIRECTIVAS PARA PROFESIONALES STEM	3	5	2025	2	2	0	1	0	0	0	0	0	0	0	0	0	0	25	25																		I162S2C98J4V1	I162S2C98J4V1	2|98|4|1	DIPLOMADO EN HABILIDADES DIRECTIVAS PARA PROFESIONALES STEM	CASA CENTRAL SANTIAGO	DIPLOMADO EN HABILIDADES DIRECTIVAS PARA PROFESIONALES STEM|CASA CENTRAL SANTIAGO|4	DIPLOMADO EN HABILIDADES DIRECTIVAS PARA PROFESIONALES STEM|3|4|1|1|3|5	OK	OK	OK	OK	
2	CASA CENTRAL (SANTIAGO)	99	DIPLOMADO EN GESTION PUBLICA LOCAL	3	4	1	1	NO APLICA	1	0	1	1	1	DIPLOMADO EN GESTION PUBLICA LOCAL	3	5	2025	2	2	0	1	0	0	0	0	0	0	0	0	0	0	25	25																		I162S2C99J4V1	I162S2C99J4V1	2|99|4|1	DIPLOMADO EN GESTION PUBLICA LOCAL	CASA CENTRAL SANTIAGO	DIPLOMADO EN GESTION PUBLICA LOCAL|CASA CENTRAL SANTIAGO|4	DIPLOMADO EN GESTION PUBLICA LOCAL|3|4|1|1|3|5	OK	OK	OK	OK	
2	CASA CENTRAL (SANTIAGO)	101	DIPLOMADO EN SALUD FAMILIAR CON ENFOQUE COMUNITARIO	3	4	1	1	NO APLICA	1	0	1	1	1	DIPLOMADO EN SALUD FAMILIAR CON ENFOQUE COMUNITARIO	3	5	2025	2	2	0	8	0	0	0	0	0	0	0	0	0	0	25	25																		I162S2C101J4V1	I162S2C101J4V1	2|101|4|1	DIPLOMADO EN SALUD FAMILIAR CON ENFOQUE COMUNITARIO	CASA CENTRAL SANTIAGO	DIPLOMADO EN SALUD FAMILIAR CON ENFOQUE COMUNITARIO|CASA CENTRAL SANTIAGO|4	DIPLOMADO EN SALUD FAMILIAR CON ENFOQUE COMUNITARIO|3|4|1|1|3|5	OK	OK	OK	OK	
2	CASA CENTRAL (SANTIAGO)	102	DIPLOMADO SALUD CON FOCO EN MIGRACION	3	4	1	1	NO APLICA	1	0	1	1	1	DIPLOMADO SALUD CON FOCO EN MIGRACION	3	5	2025	2	2	0	8	0	0	0	0	0	0	0	0	0	0	25	25																		I162S2C102J4V1	I162S2C102J4V1	2|102|4|1	DIPLOMADO SALUD CON FOCO EN MIGRACION	CASA CENTRAL SANTIAGO	DIPLOMADO SALUD CON FOCO EN MIGRACION|CASA CENTRAL SANTIAGO|4	DIPLOMADO SALUD CON FOCO EN MIGRACION|3|4|1|1|3|5	OK	OK	OK	OK	
2	CASA CENTRAL (SANTIAGO)	103	DIPLOMADO ABORDAJE INTEGRAL DE LA VIOLENCIA DE GENERO EN ATENCION PRIMARIA DE SALUD	3	4	1	1	NO APLICA	1	0	1	1	1	DIPLOMADO ABORDAJE INTEGRAL DE LA VIOLENCIA DE GENERO EN APS	3	5	2025	2	2	0	8	0	0	0	0	0	0	0	0	0	0	25	25																		I162S2C103J4V1	I162S2C103J4V1	2|103|4|1	DIPLOMADO ABORDAJE INTEGRAL DE LA VIOLENCIA DE GENERO EN ATENCION PRIMARIA DE SALUD	CASA CENTRAL SANTIAGO	DIPLOMADO ABORDAJE INTEGRAL DE LA VIOLENCIA DE GENERO EN ATENCION PRIMARIA DE SALUD|CASA CENTRAL SANTIAGO|4	DIPLOMADO ABORDAJE INTEGRAL DE LA VIOLENCIA DE GENERO EN ATENCION PRIMARIA DE SALUD|3|4|1|1|3|5	OK	OK	OK	OK	
2	CASA CENTRAL (SANTIAGO)	104	DIPLOMADO EN INNOVACION PARA LA DOCENCIA	3	4	1	1	NO APLICA	1	0	1	1	1	DIPLOMADO EN INNOVACION PARA LA DOCENCIA	3	5	2025	2	2	0	6	0	0	0	0	0	0	0	0	0	0	25	25																		I162S2C104J4V1	I162S2C104J4V1	2|104|4|1	DIPLOMADO EN INNOVACION PARA LA DOCENCIA	CASA CENTRAL SANTIAGO	DIPLOMADO EN INNOVACION PARA LA DOCENCIA|CASA CENTRAL SANTIAGO|4	DIPLOMADO EN INNOVACION PARA LA DOCENCIA|3|4|1|1|3|5	OK	OK	OK	OK	
2	CASA CENTRAL (SANTIAGO)	105	DIPLOMADO EN HUMANIZACION EN SALUD	3	4	1	1	NO APLICA	1	0	1	1	1	DIPLOMADO EN HUMANIZACION EN SALUD	3	5	2025	2	2	0	8	0	0	0	0	0	0	0	0	0	0	25	25																		I162S2C105J4V1	I162S2C105J4V1	2|105|4|1	DIPLOMADO EN HUMANIZACION EN SALUD	CASA CENTRAL SANTIAGO	DIPLOMADO EN HUMANIZACION EN SALUD|CASA CENTRAL SANTIAGO|4	DIPLOMADO EN HUMANIZACION EN SALUD|3|4|1|1|3|5	OK	OK	OK	OK	
2	CASA CENTRAL (SANTIAGO)	111	INGENIERIA EN FINANZAS	3	4	1	1	NO APLICA	8	0	8	2	12	INGENIERO EN FINANZAS	1	2	2026	2	1	0	1	0	0	0	0	0	0	0	0	0	0	25	0																		I162S2C111J4V1	I162S2C111J4V1	2|111|4|1	INGENIERIA EN FINANZAS	CASA CENTRAL SANTIAGO	INGENIERIA EN FINANZAS|CASA CENTRAL SANTIAGO|4	INGENIERIA EN FINANZAS|3|4|1|8|1|2	OK	OK	OK	OK	
2	CASA CENTRAL (SANTIAGO)	111	INGENIERIA EN FINANZAS	3	4	2	3	NO APLICA	4	0	4	2	6	INGENIERO EN FINANZAS	1	2	2026	2	2	5	1	0	0	0	0	0	0	0	0	0	0	5	0																		I162S2C111J4V2	I162S2C111J4V2	2|111|4|2	INGENIERIA EN FINANZAS	CASA CENTRAL SANTIAGO	INGENIERIA EN FINANZAS|CASA CENTRAL SANTIAGO|4	INGENIERIA EN FINANZAS|3|4|3|4|1|2	OK	OK	OK	OK	
2	CASA CENTRAL (SANTIAGO)	112	INGENIERIA EN MARKETING DIGITAL	3	4	1	1	NO APLICA	8	0	8	2	12	INGENIERO EN MARKETING DIGITAL	1	2	2026	2	1	0	1	0	0	0	0	0	0	0	0	0	0	55	0																		I162S2C112J4V1	I162S2C112J4V1	2|112|4|1	INGENIERIA EN MARKETING DIGITAL	CASA CENTRAL SANTIAGO	INGENIERIA EN MARKETING DIGITAL|CASA CENTRAL SANTIAGO|4	INGENIERIA EN MARKETING DIGITAL|3|4|1|8|1|2	OK	OK	OK	OK	
2	CASA CENTRAL (SANTIAGO)	112	INGENIERIA EN MARKETING DIGITAL	3	4	2	3	NO APLICA	4	0	4	2	6	INGENIERO EN MARKETING DIGITAL	1	2	2026	2	2	5	1	0	0	0	0	0	0	0	0	0	0	5	0																		I162S2C112J4V2	I162S2C112J4V2	2|112|4|2	INGENIERIA EN MARKETING DIGITAL	CASA CENTRAL SANTIAGO	INGENIERIA EN MARKETING DIGITAL|CASA CENTRAL SANTIAGO|4	INGENIERIA EN MARKETING DIGITAL|3|4|3|4|1|2	OK	OK	OK	OK	
2	CASA CENTRAL (SANTIAGO)	113	INGENIERIA EN RECURSOS HUMANOS	3	4	1	1	NO APLICA	8	0	8	2	12	INGENIERO EN RECURSOS HUMANOS	1	2	2026	2	1	0	1	0	0	0	0	0	0	0	0	0	0	90	0																		I162S2C113J4V1	I162S2C113J4V1	2|113|4|1	INGENIERIA EN RECURSOS HUMANOS	CASA CENTRAL SANTIAGO	INGENIERIA EN RECURSOS HUMANOS|CASA CENTRAL SANTIAGO|4	INGENIERIA EN RECURSOS HUMANOS|3|4|1|8|1|2	OK	OK	OK	OK	
2	CASA CENTRAL (SANTIAGO)	113	INGENIERIA EN RECURSOS HUMANOS	3	4	2	3	NO APLICA	4	0	4	2	6	INGENIERO EN RECURSOS HUMANOS	1	2	2026	2	2	5	1	0	0	0	0	0	0	0	0	0	0	5	0																		I162S2C113J4V2	I162S2C113J4V2	2|113|4|2	INGENIERIA EN RECURSOS HUMANOS	CASA CENTRAL SANTIAGO	INGENIERIA EN RECURSOS HUMANOS|CASA CENTRAL SANTIAGO|4	INGENIERIA EN RECURSOS HUMANOS|3|4|3|4|1|2	OK	OK	OK	OK	
2	CASA CENTRAL (SANTIAGO)	114	TECNICO EN ENFERMERIA E INSTRUMENTACION QUIRURGICA	1	2	1	1	NO APLICA	5	0	5	2	7	TECNICO EN ENFERMERIA E INSTRUMENTACION QUIRURGICA	1	1	2026	2	1	0	8	0	0	0	0	0	0	0	1	1	0	30	0																		I162S2C114J2V1	I162S2C114J2V1	2|114|2|1	TECNICO EN ENFERMERIA E INSTRUMENTACION QUIRURGICA	CASA CENTRAL SANTIAGO	TECNICO EN ENFERMERIA E INSTRUMENTACION QUIRURGICA|CASA CENTRAL SANTIAGO|2	TECNICO EN ENFERMERIA E INSTRUMENTACION QUIRURGICA|1|2|1|5|1|1	OK	OK	OK	OK	
3	SEDE CONCEPCION	114	TECNICO EN ENFERMERIA E INSTRUMENTACION QUIRURGICA	1	2	1	1	NO APLICA	5	0	5	2	7	TECNICO EN ENFERMERIA E INSTRUMENTACION QUIRURGICA	1	1	2026	2	1	0	8	0	0	0	0	0	0	0	1	1	0	36	0																		I162S3C114J2V1	I162S3C114J2V1	3|114|2|1	TECNICO EN ENFERMERIA E INSTRUMENTACION QUIRURGICA	SEDE CONCEPCION	TECNICO EN ENFERMERIA E INSTRUMENTACION QUIRURGICA|SEDE CONCEPCION|2	TECNICO EN ENFERMERIA E INSTRUMENTACION QUIRURGICA|1|2|1|5|1|1	OK	OK	OK	OK	
2	CASA CENTRAL (SANTIAGO)	115	TECNICO EN FARMACIA	1	2	1	1	NO APLICA	5	0	5	2	7	TECNICO EN FARMACIA	1	1	2026	2	1	0	8	0	0	0	0	0	0	0	1	1	0	30	0																		I162S2C115J2V1	I162S2C115J2V1	2|115|2|1	TECNICO EN FARMACIA	CASA CENTRAL SANTIAGO	TECNICO EN FARMACIA|CASA CENTRAL SANTIAGO|2	TECNICO EN FARMACIA|1|2|1|5|1|1	OK	OK	OK	OK	
3	SEDE CONCEPCION	115	TECNICO EN FARMACIA	1	2	1	1	NO APLICA	5	0	5	2	7	TECNICO EN FARMACIA	1	1	2026	2	1	0	8	0	0	0	0	0	0	0	1	1	0	30	0																		I162S3C115J2V1	I162S3C115J2V1	3|115|2|1	TECNICO EN FARMACIA	SEDE CONCEPCION	TECNICO EN FARMACIA|SEDE CONCEPCION|2	TECNICO EN FARMACIA|1|2|1|5|1|1	OK	OK	OK	OK	
2	CASA CENTRAL (SANTIAGO)	116	TECNICO EN FINANZAS	3	4	1	1	NO APLICA	5	0	5	2	7	TECNICO EN FINANZAS	1	1	2026	2	1	0	1	1	0	0	0	0	0	0	0	1	0	30	0																		I162S2C116J4V1	I162S2C116J4V1	2|116|4|1	TECNICO EN FINANZAS	CASA CENTRAL SANTIAGO	TECNICO EN FINANZAS|CASA CENTRAL SANTIAGO|4	TECNICO EN FINANZAS|3|4|1|5|1|1	OK	OK	OK	OK	
2	CASA CENTRAL (SANTIAGO)	117	TECNICO EN INFRAESTRUCTURA CLOUD	3	4	1	1	NO APLICA	5	0	5	2	7	TECNICO EN INFRAESTRUCTIRA CLOUD	1	1	2026	2	1	0	10	0	0	0	0	0	0	0	0	1	1	30	0																		I162S2C117J4V1	I162S2C117J4V1	2|117|4|1	TECNICO EN INFRAESTRUCTURA CLOUD	CASA CENTRAL SANTIAGO	TECNICO EN INFRAESTRUCTURA CLOUD|CASA CENTRAL SANTIAGO|4	TECNICO EN INFRAESTRUCTURA CLOUD|3|4|1|5|1|1	OK	OK	OK	OK	POSIBLE_ERROR_ORTOGRAFICO_CONSERVADO_SIN_CORREGIR
2	CASA CENTRAL (SANTIAGO)	118	TECNICO EN MARKETING DIGITAL	3	4	1	1	NO APLICA	5	0	5	2	7	TECNICO EN MARKETING DIGITAL	1	1	2026	2	1	0	1	1	0	0	0	0	0	0	0	1	0	60	0																		I162S2C118J4V1	I162S2C118J4V1	2|118|4|1	TECNICO EN MARKETING DIGITAL	CASA CENTRAL SANTIAGO	TECNICO EN MARKETING DIGITAL|CASA CENTRAL SANTIAGO|4	TECNICO EN MARKETING DIGITAL|3|4|1|5|1|1	OK	OK	OK	OK	
2	CASA CENTRAL (SANTIAGO)	119	TECNICO EN RECURSOS HUMANOS	3	4	1	1	NO APLICA	5	0	5	2	7	TECNICO EN RECURSOS HUMANOS	1	1	2026	2	1	0	1	1	0	0	0	0	0	0	0	1	0	95	0																		I162S2C119J4V1	I162S2C119J4V1	2|119|4|1	TECNICO EN RECURSOS HUMANOS	CASA CENTRAL SANTIAGO	TECNICO EN RECURSOS HUMANOS|CASA CENTRAL SANTIAGO|4	TECNICO EN RECURSOS HUMANOS|3|4|1|5|1|1	OK	OK	OK	OK	
2	CASA CENTRAL (SANTIAGO)	124	INGENIERIA EN PREVENCION DE RIESGOS	3	4	1	1	NO APLICA	8	0	8	2	12	INGENIERO EN PREVENCION DE RIESGOS	1	2	2026	2	1	0	9	0	0	0	0	0	0	0	0	0	0	45	0																		I162S2C124J4V1	I162S2C124J4V1	2|124|4|1	INGENIERIA EN PREVENCION DE RIESGOS	CASA CENTRAL SANTIAGO	INGENIERIA EN PREVENCION DE RIESGOS|CASA CENTRAL SANTIAGO|4	INGENIERIA EN PREVENCION DE RIESGOS|3|4|1|8|1|2	OK	OK	OK	OK	
2	CASA CENTRAL (SANTIAGO)	124	INGENIERIA EN PREVENCION DE RIESGOS	3	4	2	3	NO APLICA	4	0	4	2	6	INGENIERO EN PREVENCION DE RIESGOS	1	2	2026	2	2	5	9	0	0	0	0	0	0	0	0	0	0	10	0																		I162S2C124J4V2	I162S2C124J4V2	2|124|4|2	INGENIERIA EN PREVENCION DE RIESGOS	CASA CENTRAL SANTIAGO	INGENIERIA EN PREVENCION DE RIESGOS|CASA CENTRAL SANTIAGO|4	INGENIERIA EN PREVENCION DE RIESGOS|3|4|3|4|1|2	OK	OK	OK	OK	
2	CASA CENTRAL (SANTIAGO)	125	INGENIERIA EN SEGURIDAD PRIVADA	3	4	1	1	NO APLICA	8	0	8	2	12	INGENIERO EN SEGURIDAD PRIVADA	1	2	2026	2	1	0	9	0	0	0	0	0	0	0	0	0	0	60	0																		I162S2C125J4V1	I162S2C125J4V1	2|125|4|1	INGENIERIA EN SEGURIDAD PRIVADA	CASA CENTRAL SANTIAGO	INGENIERIA EN SEGURIDAD PRIVADA|CASA CENTRAL SANTIAGO|4	INGENIERIA EN SEGURIDAD PRIVADA|3|4|1|8|1|2	OK	OK	OK	OK	
2	CASA CENTRAL (SANTIAGO)	125	INGENIERIA EN SEGURIDAD PRIVADA	3	4	2	3	NO APLICA	4	0	4	2	6	INGENIERO EN SEGURIDAD PRIVADA	1	2	2026	2	2	5	9	0	0	0	0	0	0	0	0	0	0	10	0																		I162S2C125J4V2	I162S2C125J4V2	2|125|4|2	INGENIERIA EN SEGURIDAD PRIVADA	CASA CENTRAL SANTIAGO	INGENIERIA EN SEGURIDAD PRIVADA|CASA CENTRAL SANTIAGO|4	INGENIERIA EN SEGURIDAD PRIVADA|3|4|3|4|1|2	OK	OK	OK	OK	
