campo,tipo_campo,total_marcas,total_registros_afectados,severidad_maxima,accion_recomendada,fuente_sugerida,bloquea_subida,se_puede_excluir,observacion,campo_normalizado,CAMPO_MANUAL_MAPEADO,METODO_MAPEO,ESTADO_FUENTE_MANUAL,RECLASIFICACION_HITO7BIS,IMPACTO_HITO7BIS
Régimen,OFICIAL_PROBABLE,71,71,ALTA,VALIDAR_CON_REGISTRO_CURRICULAR,REGISTRO_CURRICULAR_OFERTA_OFICIAL,SI,NO,Campo estructural/oficial: no resolver sin fuente institucional.,REGIMEN,Tipo Régimen,EQUIVALENCIA_EXPLICITA,CONFIRMADO_EN_MANUAL,OFICIAL_CNED_CONFIRMADO,CAMPO_CONFIRMADO_POR_MANUAL_O_EQUIVALENCIA
VIGENCIA_CARRERA,OFICIAL_PROBABLE,62,62,ALTA,VALIDAR_CON_REGISTRO_CURRICULAR,REGISTRO_CURRICULAR_OFERTA_OFICIAL,SI,NO,Campo estructural/oficial: no resolver sin fuente institucional.,VIGENCIA_CARRERA,Estado de la carrera o programa,EQUIVALENCIA_EXPLICITA,CONFIRMADO_EN_MANUAL,OFICIAL_CNED_CONFIRMADO,CAMPO_CONFIRMADO_POR_MANUAL_O_EQUIVALENCIA
ACREDITACION,OFICIAL_PROBABLE,11,11,ALTA,VALIDAR_CON_OFERTA_ACADEMICA,OFERTA_ACADEMICA_INSTITUCIONAL,SI,NO,Campo estructural/oficial: no resolver sin fuente institucional.,ACREDITACION,ACREDITACION,EQUIVALENCIA_EXPLICITA_NO_CONFIRMADA,POSIBLE_EQUIVALENCIA_REQUIERE_VALIDACION,REQUIERE_REVISION_MANUAL,REQUIERE_VALIDACION_DE_EQUIVALENCIA
ANIO_INICIO,OFICIAL_PROBABLE,11,11,ALTA,VALIDAR_CON_REGISTRO_CURRICULAR,REGISTRO_CURRICULAR_OFERTA_OFICIAL,SI,NO,Campo estructural/oficial: no resolver sin fuente institucional.,ANIO_INICIO,Año de Inicio de actividades,EQUIVALENCIA_EXPLICITA,CONFIRMADO_EN_MANUAL,OFICIAL_CNED_CONFIRMADO,CAMPO_CONFIRMADO_POR_MANUAL_O_EQUIVALENCIA
AREA_ACTUAL,OFICIAL_PROBABLE,11,11,ALTA,VALIDAR_CON_OFERTA_ACADEMICA,OFERTA_ACADEMICA_INSTITUCIONAL,SI,NO,Campo estructural/oficial: no resolver sin fuente institucional.,AREA_ACTUAL,Área actual,EXACTO_NORMALIZADO,CONFIRMADO_EN_MANUAL,OFICIAL_CNED_CONFIRMADO,CAMPO_CONFIRMADO_POR_MANUAL_O_EQUIVALENCIA
DURACION_REGIMEN,OFICIAL_PROBABLE,11,11,ALTA,VALIDAR_CON_REGISTRO_CURRICULAR,REGISTRO_CURRICULAR_OFERTA_OFICIAL,SI,NO,Campo estructural/oficial: no resolver sin fuente institucional.,DURACION_REGIMEN,Duración régimen,EXACTO_NORMALIZADO,POSIBLE_EQUIVALENCIA_REQUIERE_VALIDACION,REQUIERE_REVISION_MANUAL,REQUIERE_VALIDACION_DE_EQUIVALENCIA
NOMBRE_TITULO,OFICIAL_PROBABLE,11,11,ALTA,VALIDAR_CON_OFERTA_ACADEMICA,OFERTA_ACADEMICA_INSTITUCIONAL,SI,NO,Campo estructural/oficial: no resolver sin fuente institucional.,NOMBRE_TITULO,Título,EQUIVALENCIA_EXPLICITA,CONFIRMADO_EN_MANUAL,OFICIAL_CNED_CONFIRMADO,CAMPO_CONFIRMADO_POR_MANUAL_O_EQUIVALENCIA
REGIMEN,OFICIAL_PROBABLE,11,11,ALTA,VALIDAR_CON_REGISTRO_CURRICULAR,REGISTRO_CURRICULAR_OFERTA_OFICIAL,SI,NO,Campo estructural/oficial: no resolver sin fuente institucional.,REGIMEN,Tipo Régimen,EQUIVALENCIA_EXPLICITA,CONFIRMADO_EN_MANUAL,OFICIAL_CNED_CONFIRMADO,CAMPO_CONFIRMADO_POR_MANUAL_O_EQUIVALENCIA
REQUISITO_INGRESO,OFICIAL_PROBABLE,11,11,ALTA,VALIDAR_CON_OFERTA_ACADEMICA,OFERTA_ACADEMICA_INSTITUCIONAL,SI,NO,Campo estructural/oficial: no resolver sin fuente institucional.,REQUISITO_INGRESO,Requisito ingreso,EXACTO_NORMALIZADO,CONFIRMADO_EN_MANUAL,OFICIAL_CNED_CONFIRMADO,CAMPO_CONFIRMADO_POR_MANUAL_O_EQUIVALENCIA
SEMESTRES_RECONOCIDOS,OFICIAL_PROBABLE,11,11,ALTA,VALIDAR_CON_OFERTA_ACADEMICA,OFERTA_ACADEMICA_INSTITUCIONAL,SI,NO,Campo estructural/oficial: no resolver sin fuente institucional.,SEMESTRES_RECONOCIDOS,SEMESTRES_RECONOCIDOS,EQUIVALENCIA_EXPLICITA_NO_CONFIRMADA,POSIBLE_EQUIVALENCIA_REQUIERE_VALIDACION,REQUIERE_REVISION_MANUAL,REQUIERE_VALIDACION_DE_EQUIVALENCIA
CNED_ALERTAS,AUXILIAR_TECNICA,71,71,BAJA,EXCLUIR_DE_ARCHIVO_CARGA_SI_ES_AUXILIAR,TRAZABILIDAD_INTERNA_CNED,NO,SI,No debe ir en archivo de carga; conservar en trazabilidad.,CNED_ALERTAS,,SIN_MAPEO,NO_CONFIRMADO_EN_MANUAL,NO_CONFIRMADO_EN_MANUAL,AUXILIAR_EXCLUIBLE_DE_CARGA
CNED_ESTADO_AUDITORIA,AUXILIAR_TECNICA,71,71,BAJA,EXCLUIR_DE_ARCHIVO_CARGA_SI_ES_AUXILIAR,TRAZABILIDAD_INTERNA_CNED,NO,SI,No debe ir en archivo de carga; conservar en trazabilidad.,CNED_ESTADO_AUDITORIA,,SIN_MAPEO,NO_CONFIRMADO_EN_MANUAL,NO_CONFIRMADO_EN_MANUAL,AUXILIAR_EXCLUIBLE_DE_CARGA
CNED_PUEDE_SUBIR_PRELIMINAR,AUXILIAR_TECNICA,71,71,BAJA,EXCLUIR_DE_ARCHIVO_CARGA_SI_ES_AUXILIAR,TRAZABILIDAD_INTERNA_CNED,NO,SI,No debe ir en archivo de carga; conservar en trazabilidad.,CNED_PUEDE_SUBIR_PRELIMINAR,,SIN_MAPEO,NO_CONFIRMADO_EN_MANUAL,NO_CONFIRMADO_EN_MANUAL,AUXILIAR_EXCLUIBLE_DE_CARGA
MATCH_CODIGO_UNICO_DERIVADO,AUXILIAR_TECNICA,1,1,BAJA,EXCLUIR_DE_ARCHIVO_CARGA_SI_ES_AUXILIAR,TRAZABILIDAD_INTERNA_CNED,NO,SI,No debe ir en archivo de carga; conservar en trazabilidad.,MATCH_CODIGO_UNICO_DERIVADO,,SIN_MAPEO,NO_CONFIRMADO_EN_MANUAL,NO_CONFIRMADO_EN_MANUAL,AUXILIAR_EXCLUIBLE_DE_CARGA
ARANCEL_ANUAL,FORMULARIO_CNED_DESCONOCIDO,71,71,MEDIA,VALIDAR_CON_FINANZAS_ARANCELES,FINANZAS_ARANCELES_INSTITUCIONAL,DEPENDE,DEPENDE,Requiere fuente monetaria explicita; no usar cero ni inferencias.,ARANCEL_ANUAL,Valor arancel anual,EQUIVALENCIA_EXPLICITA,CONFIRMADO_EN_MANUAL,FORMULARIO_CNED_CONFIRMADO,CAMPO_CONFIRMADO_POR_MANUAL_O_EQUIVALENCIA
COSTO_TITULACION,FORMULARIO_CNED_DESCONOCIDO,71,71,MEDIA,VALIDAR_CON_FINANZAS_ARANCELES,FINANZAS_ARANCELES_INSTITUCIONAL,DEPENDE,DEPENDE,Requiere fuente monetaria explicita; no usar cero ni inferencias.,COSTO_TITULACION,Valor titulación,EQUIVALENCIA_EXPLICITA,CONFIRMADO_EN_MANUAL,FORMULARIO_CNED_CONFIRMADO,CAMPO_CONFIRMADO_POR_MANUAL_O_EQUIVALENCIA
Carrera Genérica,FORMULARIO_CNED_DESCONOCIDO,71,71,MEDIA,REQUIERE_DECISION_INSTITUCIONAL,AREA_ACADEMICA_O_DUENO_DEL_PROGRAMA,DEPENDE,DEPENDE,Campo de formulario o carga potencial: validar contra instructivo CNED antes de excluir o completar.,CARRERA_GENERICA,"Área, Subárea, Carrera genérica",CONTIENE_O_CONTENIDO,CONFIRMADO_EN_MANUAL,FORMULARIO_CNED_CONFIRMADO,CAMPO_CONFIRMADO_POR_MANUAL_O_EQUIVALENCIA
Dependencia,FORMULARIO_CNED_DESCONOCIDO,71,71,MEDIA,REQUIERE_DECISION_INSTITUCIONAL,AREA_ACADEMICA_O_DUENO_DEL_PROGRAMA,DEPENDE,DEPENDE,Campo de formulario o carga potencial: validar contra instructivo CNED antes de excluir o completar.,DEPENDENCIA,Dependencia,EXACTO_NORMALIZADO,CONFIRMADO_EN_MANUAL,FORMULARIO_CNED_CONFIRMADO,CAMPO_CONFIRMADO_POR_MANUAL_O_EQUIVALENCIA
EXPERIENCIA_LABORAL,FORMULARIO_CNED_DESCONOCIDO,71,71,MEDIA,VALIDAR_CON_AREA_ACADEMICA,AREA_ACADEMICA_O_DUENO_DEL_PROGRAMA,DEPENDE,DEPENDE,Campo de formulario o carga potencial: validar contra instructivo CNED antes de excluir o completar.,EXPERIENCIA_LABORAL,,SIN_MAPEO,NO_CONFIRMADO_EN_MANUAL,NO_CONFIRMADO_EN_MANUAL,SIGUE_NO_CONFIRMADO_EN_MANUAL
FECHA_ADMISION_INICIAL,FORMULARIO_CNED_DESCONOCIDO,71,71,MEDIA,NO_RESOLVER_AUTOMATICAMENTE,INSTRUCTIVO_CNED_Y_DECISION_INSTITUCIONAL,DEPENDE,DEPENDE,Campo de formulario o carga potencial: validar contra instructivo CNED antes de excluir o completar.,FECHA_ADMISION_INICIAL,,SIN_MAPEO,NO_CONFIRMADO_EN_MANUAL,NO_CONFIRMADO_EN_MANUAL,SIGUE_NO_CONFIRMADO_EN_MANUAL
FORMATO_VALOR,FORMULARIO_CNED_DESCONOCIDO,71,71,MEDIA,VALIDAR_CON_FINANZAS_ARANCELES,FINANZAS_ARANCELES_INSTITUCIONAL,DEPENDE,DEPENDE,Requiere fuente monetaria explicita; no usar cero ni inferencias.,FORMATO_VALOR,Tipo Moneda,EQUIVALENCIA_EXPLICITA,CONFIRMADO_EN_MANUAL,FORMULARIO_CNED_CONFIRMADO,CAMPO_CONFIRMADO_POR_MANUAL_O_EQUIVALENCIA
Grado Académico que otorga el programa,FORMULARIO_CNED_DESCONOCIDO,71,71,MEDIA,NO_RESOLVER_AUTOMATICAMENTE,INSTRUCTIVO_CNED_Y_DECISION_INSTITUCIONAL,DEPENDE,DEPENDE,Campo de formulario o carga potencial: validar contra instructivo CNED antes de excluir o completar.,GRADO_ACADEMICO_QUE_OTORGA_EL_PROGRAMA,Grado académico,CONTIENE_O_CONTENIDO,CONFIRMADO_EN_MANUAL,FORMULARIO_CNED_CONFIRMADO,CAMPO_CONFIRMADO_POR_MANUAL_O_EQUIVALENCIA
Ingreso Directo,FORMULARIO_CNED_DESCONOCIDO,71,71,MEDIA,VALIDAR_CON_AREA_ACADEMICA,AREA_ACADEMICA_O_DUENO_DEL_PROGRAMA,DEPENDE,DEPENDE,Campo de formulario o carga potencial: validar contra instructivo CNED antes de excluir o completar.,INGRESO_DIRECTO,,SIN_MAPEO,NO_CONFIRMADO_EN_MANUAL,NO_CONFIRMADO_EN_MANUAL,SIGUE_NO_CONFIRMADO_EN_MANUAL
LICENCIA_ENS_MEDIA,FORMULARIO_CNED_DESCONOCIDO,71,71,MEDIA,VALIDAR_CON_AREA_ACADEMICA,AREA_ACADEMICA_O_DUENO_DEL_PROGRAMA,DEPENDE,DEPENDE,Campo de formulario o carga potencial: validar contra instructivo CNED antes de excluir o completar.,LICENCIA_ENS_MEDIA,,SIN_MAPEO,NO_CONFIRMADO_EN_MANUAL,NO_CONFIRMADO_EN_MANUAL,SIGUE_NO_CONFIRMADO_EN_MANUAL
MAIL_DIFUSION_CARRERA,FORMULARIO_CNED_DESCONOCIDO,71,71,MEDIA,NO_RESOLVER_AUTOMATICAMENTE,INSTRUCTIVO_CNED_Y_DECISION_INSTITUCIONAL,DEPENDE,DEPENDE,Campo de formulario o carga potencial: validar contra instructivo CNED antes de excluir o completar.,MAIL_DIFUSION_CARRERA,,SIN_MAPEO,NO_CONFIRMADO_EN_MANUAL,NO_CONFIRMADO_EN_MANUAL,SIGUE_NO_CONFIRMADO_EN_MANUAL
MALLA_CURRICULAR,FORMULARIO_CNED_DESCONOCIDO,71,71,MEDIA,VALIDAR_CON_AREA_ACADEMICA,AREA_ACADEMICA_O_DUENO_DEL_PROGRAMA,DEPENDE,DEPENDE,Campo de formulario o carga potencial: validar contra instructivo CNED antes de excluir o completar.,MALLA_CURRICULAR,Malla Curricular,EXACTO_NORMALIZADO,CONFIRMADO_EN_MANUAL,FORMULARIO_CNED_CONFIRMADO,CAMPO_CONFIRMADO_POR_MANUAL_O_EQUIVALENCIA
NOTAS_ENS_MEDIA,FORMULARIO_CNED_DESCONOCIDO,71,71,MEDIA,VALIDAR_CON_AREA_ACADEMICA,AREA_ACADEMICA_O_DUENO_DEL_PROGRAMA,DEPENDE,DEPENDE,Campo de formulario o carga potencial: validar contra instructivo CNED antes de excluir o completar.,NOTAS_ENS_MEDIA,,SIN_MAPEO,NO_CONFIRMADO_EN_MANUAL,NO_CONFIRMADO_EN_MANUAL,SIGUE_NO_CONFIRMADO_EN_MANUAL
OTROS_REQUISITOS,FORMULARIO_CNED_DESCONOCIDO,71,71,MEDIA,VALIDAR_CON_AREA_ACADEMICA,AREA_ACADEMICA_O_DUENO_DEL_PROGRAMA,DEPENDE,DEPENDE,Campo de formulario o carga potencial: validar contra instructivo CNED antes de excluir o completar.,OTROS_REQUISITOS,,SIN_MAPEO,NO_CONFIRMADO_EN_MANUAL,NO_CONFIRMADO_EN_MANUAL,SIGUE_NO_CONFIRMADO_EN_MANUAL
Observaciones,FORMULARIO_CNED_DESCONOCIDO,71,71,MEDIA,MANTENER_SOLO_COMO_TRAZABILIDAD,INSTRUCTIVO_CNED_Y_DECISION_INSTITUCIONAL,DEPENDE,DEPENDE,Campo de formulario o carga potencial: validar contra instructivo CNED antes de excluir o completar.,OBSERVACIONES,,SIN_MAPEO,NO_CONFIRMADO_EN_MANUAL,NO_CONFIRMADO_EN_MANUAL,SIGUE_NO_CONFIRMADO_EN_MANUAL
PERFIL_EGRESO,FORMULARIO_CNED_DESCONOCIDO,71,71,MEDIA,VALIDAR_CON_AREA_ACADEMICA,AREA_ACADEMICA_O_DUENO_DEL_PROGRAMA,DEPENDE,DEPENDE,Campo de formulario o carga potencial: validar contra instructivo CNED antes de excluir o completar.,PERFIL_EGRESO,,SIN_MAPEO,NO_CONFIRMADO_EN_MANUAL,NO_CONFIRMADO_EN_MANUAL,SIGUE_NO_CONFIRMADO_EN_MANUAL
PROMEDIO_MIN_ENS_MEDIA,FORMULARIO_CNED_DESCONOCIDO,71,71,MEDIA,NO_RESOLVER_AUTOMATICAMENTE,INSTRUCTIVO_CNED_Y_DECISION_INSTITUCIONAL,DEPENDE,DEPENDE,Campo de formulario o carga potencial: validar contra instructivo CNED antes de excluir o completar.,PROMEDIO_MIN_ENS_MEDIA,,SIN_MAPEO,NO_CONFIRMADO_EN_MANUAL,NO_CONFIRMADO_EN_MANUAL,SIGUE_NO_CONFIRMADO_EN_MANUAL
RECONOCIMIENTOS_APREN_PREVIOS,FORMULARIO_CNED_DESCONOCIDO,71,71,MEDIA,NO_RESOLVER_AUTOMATICAMENTE,INSTRUCTIVO_CNED_Y_DECISION_INSTITUCIONAL,DEPENDE,DEPENDE,Campo de formulario o carga potencial: validar contra instructivo CNED antes de excluir o completar.,RECONOCIMIENTOS_APREN_PREVIOS,,SIN_MAPEO,NO_CONFIRMADO_EN_MANUAL,NO_CONFIRMADO_EN_MANUAL,SIGUE_NO_CONFIRMADO_EN_MANUAL
Sub Área,FORMULARIO_CNED_DESCONOCIDO,71,71,MEDIA,REQUIERE_DECISION_INSTITUCIONAL,AREA_ACADEMICA_O_DUENO_DEL_PROGRAMA,DEPENDE,DEPENDE,Campo de formulario o carga potencial: validar contra instructivo CNED antes de excluir o completar.,SUB_AREA,"Área, Subárea, Carrera genérica",CONTIENE_O_CONTENIDO,CONFIRMADO_EN_MANUAL,FORMULARIO_CNED_CONFIRMADO,CAMPO_CONFIRMADO_POR_MANUAL_O_EQUIVALENCIA
TEXTO_REQUISITO_INGRESO,FORMULARIO_CNED_DESCONOCIDO,71,71,MEDIA,VALIDAR_CON_AREA_ACADEMICA,AREA_ACADEMICA_O_DUENO_DEL_PROGRAMA,DEPENDE,DEPENDE,Campo de formulario o carga potencial: validar contra instructivo CNED antes de excluir o completar.,TEXTO_REQUISITO_INGRESO,Requisito ingreso,CONTIENE_O_CONTENIDO,CONFIRMADO_EN_MANUAL,OFICIAL_CNED_CONFIRMADO,CAMPO_CONFIRMADO_POR_MANUAL_O_EQUIVALENCIA
VALOR_CERTIFICADO_DIPLOMA,FORMULARIO_CNED_DESCONOCIDO,71,71,MEDIA,VALIDAR_CON_FINANZAS_ARANCELES,FINANZAS_ARANCELES_INSTITUCIONAL,DEPENDE,DEPENDE,Requiere fuente monetaria explicita; no usar cero ni inferencias.,VALOR_CERTIFICADO_DIPLOMA,,SIN_MAPEO,NO_CONFIRMADO_EN_MANUAL,NO_CONFIRMADO_EN_MANUAL,SIGUE_NO_CONFIRMADO_EN_MANUAL
VALOR_MATRICULA_ANUAL,FORMULARIO_CNED_DESCONOCIDO,71,71,MEDIA,VALIDAR_CON_FINANZAS_ARANCELES,FINANZAS_ARANCELES_INSTITUCIONAL,DEPENDE,DEPENDE,Requiere fuente monetaria explicita; no usar cero ni inferencias.,VALOR_MATRICULA_ANUAL,Valor de la Matrícula,EQUIVALENCIA_EXPLICITA,CONFIRMADO_EN_MANUAL,FORMULARIO_CNED_CONFIRMADO,CAMPO_CONFIRMADO_POR_MANUAL_O_EQUIVALENCIA
Área del Conocimiento,FORMULARIO_CNED_DESCONOCIDO,71,71,MEDIA,REQUIERE_DECISION_INSTITUCIONAL,AREA_ACADEMICA_O_DUENO_DEL_PROGRAMA,DEPENDE,DEPENDE,Campo de formulario o carga potencial: validar contra instructivo CNED antes de excluir o completar.,AREA_DEL_CONOCIMIENTO,"Área, Subárea, Carrera genérica",EQUIVALENCIA_EXPLICITA,CONFIRMADO_EN_MANUAL,FORMULARIO_CNED_CONFIRMADO,CAMPO_CONFIRMADO_POR_MANUAL_O_EQUIVALENCIA
Ingreso otro,FORMULARIO_CNED_DESCONOCIDO,35,35,MEDIA,VALIDAR_CON_AREA_ACADEMICA,AREA_ACADEMICA_O_DUENO_DEL_PROGRAMA,DEPENDE,DEPENDE,Campo de formulario o carga potencial: validar contra instructivo CNED antes de excluir o completar.,INGRESO_OTRO,,SIN_MAPEO,NO_CONFIRMADO_EN_MANUAL,NO_CONFIRMADO_EN_MANUAL,SIGUE_NO_CONFIRMADO_EN_MANUAL
Otro Tipo de Ingreso,FORMULARIO_CNED_DESCONOCIDO,35,35,MEDIA,VALIDAR_CON_AREA_ACADEMICA,AREA_ACADEMICA_O_DUENO_DEL_PROGRAMA,DEPENDE,DEPENDE,Campo de formulario o carga potencial: validar contra instructivo CNED antes de excluir o completar.,OTRO_TIPO_DE_INGRESO,,SIN_MAPEO,NO_CONFIRMADO_EN_MANUAL,NO_CONFIRMADO_EN_MANUAL,SIGUE_NO_CONFIRMADO_EN_MANUAL
Detalle del Tipo de Programa (especiales),FORMULARIO_CNED_DESCONOCIDO,14,14,MEDIA,NO_RESOLVER_AUTOMATICAMENTE,INSTRUCTIVO_CNED_Y_DECISION_INSTITUCIONAL,DEPENDE,DEPENDE,Campo de formulario o carga potencial: validar contra instructivo CNED antes de excluir o completar.,DETALLE_DEL_TIPO_DE_PROGRAMA_ESPECIALES,Detalle del Tipo de Programa (especiales),EXACTO_NORMALIZADO,CONFIRMADO_EN_MANUAL,FORMULARIO_CNED_CONFIRMADO,CAMPO_CONFIRMADO_POR_MANUAL_O_EQUIVALENCIA
AREA_ADMIN_DERECHO,FORMULARIO_CNED_DESCONOCIDO,11,11,MEDIA,REQUIERE_DECISION_INSTITUCIONAL,AREA_ACADEMICA_O_DUENO_DEL_PROGRAMA,DEPENDE,DEPENDE,Campo de formulario o carga potencial: validar contra instructivo CNED antes de excluir o completar.,AREA_ADMIN_DERECHO,,SIN_MAPEO,NO_CONFIRMADO_EN_MANUAL,NO_CONFIRMADO_EN_MANUAL,SIGUE_NO_CONFIRMADO_EN_MANUAL
AREA_AGRI_SILVI_PESCA_VET,FORMULARIO_CNED_DESCONOCIDO,11,11,MEDIA,REQUIERE_DECISION_INSTITUCIONAL,AREA_ACADEMICA_O_DUENO_DEL_PROGRAMA,DEPENDE,DEPENDE,Campo de formulario o carga potencial: validar contra instructivo CNED antes de excluir o completar.,AREA_AGRI_SILVI_PESCA_VET,,SIN_MAPEO,NO_CONFIRMADO_EN_MANUAL,NO_CONFIRMADO_EN_MANUAL,SIGUE_NO_CONFIRMADO_EN_MANUAL
AREA_ARTES_HUMANIDADES,FORMULARIO_CNED_DESCONOCIDO,11,11,MEDIA,REQUIERE_DECISION_INSTITUCIONAL,AREA_ACADEMICA_O_DUENO_DEL_PROGRAMA,DEPENDE,DEPENDE,Campo de formulario o carga potencial: validar contra instructivo CNED antes de excluir o completar.,AREA_ARTES_HUMANIDADES,,SIN_MAPEO,NO_CONFIRMADO_EN_MANUAL,NO_CONFIRMADO_EN_MANUAL,SIGUE_NO_CONFIRMADO_EN_MANUAL
AREA_CIENCIAS_NAT_MAT_ESTAD,FORMULARIO_CNED_DESCONOCIDO,11,11,MEDIA,REQUIERE_DECISION_INSTITUCIONAL,AREA_ACADEMICA_O_DUENO_DEL_PROGRAMA,DEPENDE,DEPENDE,Campo de formulario o carga potencial: validar contra instructivo CNED antes de excluir o completar.,AREA_CIENCIAS_NAT_MAT_ESTAD,,SIN_MAPEO,NO_CONFIRMADO_EN_MANUAL,NO_CONFIRMADO_EN_MANUAL,SIGUE_NO_CONFIRMADO_EN_MANUAL
AREA_CS_SOCIAL_PERIODISMO_INFO,FORMULARIO_CNED_DESCONOCIDO,11,11,MEDIA,REQUIERE_DECISION_INSTITUCIONAL,AREA_ACADEMICA_O_DUENO_DEL_PROGRAMA,DEPENDE,DEPENDE,Campo de formulario o carga potencial: validar contra instructivo CNED antes de excluir o completar.,AREA_CS_SOCIAL_PERIODISMO_INFO,,SIN_MAPEO,NO_CONFIRMADO_EN_MANUAL,NO_CONFIRMADO_EN_MANUAL,SIGUE_NO_CONFIRMADO_EN_MANUAL
AREA_EDUCACION,FORMULARIO_CNED_DESCONOCIDO,11,11,MEDIA,REQUIERE_DECISION_INSTITUCIONAL,AREA_ACADEMICA_O_DUENO_DEL_PROGRAMA,DEPENDE,DEPENDE,Campo de formulario o carga potencial: validar contra instructivo CNED antes de excluir o completar.,AREA_EDUCACION,,SIN_MAPEO,NO_CONFIRMADO_EN_MANUAL,NO_CONFIRMADO_EN_MANUAL,SIGUE_NO_CONFIRMADO_EN_MANUAL
AREA_INGE_INDUSTRIA_CONSTRUC,FORMULARIO_CNED_DESCONOCIDO,11,11,MEDIA,REQUIERE_DECISION_INSTITUCIONAL,AREA_ACADEMICA_O_DUENO_DEL_PROGRAMA,DEPENDE,DEPENDE,Campo de formulario o carga potencial: validar contra instructivo CNED antes de excluir o completar.,AREA_INGE_INDUSTRIA_CONSTRUC,,SIN_MAPEO,NO_CONFIRMADO_EN_MANUAL,NO_CONFIRMADO_EN_MANUAL,SIGUE_NO_CONFIRMADO_EN_MANUAL
AREA_SALUD_BIENESTAR,FORMULARIO_CNED_DESCONOCIDO,11,11,MEDIA,REQUIERE_DECISION_INSTITUCIONAL,AREA_ACADEMICA_O_DUENO_DEL_PROGRAMA,DEPENDE,DEPENDE,Campo de formulario o carga potencial: validar contra instructivo CNED antes de excluir o completar.,AREA_SALUD_BIENESTAR,,SIN_MAPEO,NO_CONFIRMADO_EN_MANUAL,NO_CONFIRMADO_EN_MANUAL,SIGUE_NO_CONFIRMADO_EN_MANUAL
AREA_SERVICIOS,FORMULARIO_CNED_DESCONOCIDO,11,11,MEDIA,REQUIERE_DECISION_INSTITUCIONAL,AREA_ACADEMICA_O_DUENO_DEL_PROGRAMA,DEPENDE,DEPENDE,Campo de formulario o carga potencial: validar contra instructivo CNED antes de excluir o completar.,AREA_SERVICIOS,,SIN_MAPEO,NO_CONFIRMADO_EN_MANUAL,NO_CONFIRMADO_EN_MANUAL,SIGUE_NO_CONFIRMADO_EN_MANUAL
AREA_TECNO_INFO_COMUNICA,FORMULARIO_CNED_DESCONOCIDO,11,11,MEDIA,REQUIERE_DECISION_INSTITUCIONAL,AREA_ACADEMICA_O_DUENO_DEL_PROGRAMA,DEPENDE,DEPENDE,Campo de formulario o carga potencial: validar contra instructivo CNED antes de excluir o completar.,AREA_TECNO_INFO_COMUNICA,,SIN_MAPEO,NO_CONFIRMADO_EN_MANUAL,NO_CONFIRMADO_EN_MANUAL,SIGUE_NO_CONFIRMADO_EN_MANUAL
VACANTES_PRIMER_SEMESTRE,FORMULARIO_CNED_DESCONOCIDO,11,11,MEDIA,REQUIERE_DECISION_INSTITUCIONAL,AREA_ACADEMICA_O_DUENO_DEL_PROGRAMA,DEPENDE,DEPENDE,Campo de formulario o carga potencial: validar contra instructivo CNED antes de excluir o completar.,VACANTES_PRIMER_SEMESTRE,Vacantes Primer Semestre,EXACTO_NORMALIZADO,POSIBLE_EQUIVALENCIA_REQUIERE_VALIDACION,REQUIERE_REVISION_MANUAL,REQUIERE_VALIDACION_DE_EQUIVALENCIA
VACANTES_SEGUNDO_SEMESTRE,FORMULARIO_CNED_DESCONOCIDO,11,11,MEDIA,REQUIERE_DECISION_INSTITUCIONAL,AREA_ACADEMICA_O_DUENO_DEL_PROGRAMA,DEPENDE,DEPENDE,Campo de formulario o carga potencial: validar contra instructivo CNED antes de excluir o completar.,VACANTES_SEGUNDO_SEMESTRE,Vacantes Segundo Semestre,EXACTO_NORMALIZADO,POSIBLE_EQUIVALENCIA_REQUIERE_VALIDACION,REQUIERE_REVISION_MANUAL,REQUIERE_VALIDACION_DE_EQUIVALENCIA
Año de inicio de Actividades,FORMULARIO_CNED_DESCONOCIDO,10,10,MEDIA,NO_RESOLVER_AUTOMATICAMENTE,INSTRUCTIVO_CNED_Y_DECISION_INSTITUCIONAL,DEPENDE,DEPENDE,Campo de formulario o carga potencial: validar contra instructivo CNED antes de excluir o completar.,ANO_DE_INICIO_DE_ACTIVIDADES,Año de Inicio de actividades,EXACTO_NORMALIZADO,CONFIRMADO_EN_MANUAL,FORMULARIO_CNED_CONFIRMADO,CAMPO_CONFIRMADO_POR_MANUAL_O_EQUIVALENCIA
Título que otorga el programa,FORMULARIO_CNED_DESCONOCIDO,10,10,MEDIA,NO_RESOLVER_AUTOMATICAMENTE,INSTRUCTIVO_CNED_Y_DECISION_INSTITUCIONAL,DEPENDE,DEPENDE,Campo de formulario o carga potencial: validar contra instructivo CNED antes de excluir o completar.,TITULO_QUE_OTORGA_EL_PROGRAMA,Título,CONTIENE_O_CONTENIDO,CONFIRMADO_EN_MANUAL,FORMULARIO_CNED_CONFIRMADO,CAMPO_CONFIRMADO_POR_MANUAL_O_EQUIVALENCIA
Campus,FORMULARIO_CNED_DESCONOCIDO,3,3,MEDIA,NO_RESOLVER_AUTOMATICAMENTE,INSTRUCTIVO_CNED_Y_DECISION_INSTITUCIONAL,DEPENDE,DEPENDE,Campo de formulario o carga potencial: validar contra instructivo CNED antes de excluir o completar.,CAMPUS,Campus,EXACTO_NORMALIZADO,CONFIRMADO_EN_MANUAL,FORMULARIO_CNED_CONFIRMADO,CAMPO_CONFIRMADO_POR_MANUAL_O_EQUIVALENCIA
Modalidad del Programa,FORMULARIO_CNED_DESCONOCIDO,2,2,MEDIA,NO_RESOLVER_AUTOMATICAMENTE,INSTRUCTIVO_CNED_Y_DECISION_INSTITUCIONAL,DEPENDE,DEPENDE,Campo de formulario o carga potencial: validar contra instructivo CNED antes de excluir o completar.,MODALIDAD_DEL_PROGRAMA,Modalidad del Programa,EXACTO_NORMALIZADO,CONFIRMADO_EN_MANUAL,FORMULARIO_CNED_CONFIRMADO,CAMPO_CONFIRMADO_POR_MANUAL_O_EQUIVALENCIA
Horario,FORMULARIO_CNED_DESCONOCIDO,1,1,MEDIA,NO_RESOLVER_AUTOMATICAMENTE,INSTRUCTIVO_CNED_Y_DECISION_INSTITUCIONAL,DEPENDE,DEPENDE,Campo de formulario o carga potencial: validar contra instructivo CNED antes de excluir o completar.,HORARIO,Horario,EXACTO_NORMALIZADO,CONFIRMADO_EN_MANUAL,FORMULARIO_CNED_CONFIRMADO,CAMPO_CONFIRMADO_POR_MANUAL_O_EQUIVALENCIA
