ID_REGLA	PROCESO	SUBPROCESO	ANIO_PROCESO	ANIO_DATOS	PERIODO	SECCION_INSTRUCTIVO	PAGINA	CAMPO_O_TEMA	REGLA_OFICIAL	TIPO_REGLA	NIVEL_RESPALDO	FUENTE	IMPLEMENTACION_REQUERIDA	VALIDACION_REQUERIDA	SEVERIDAD	ESTADO	OBSERVACIONES
AC2026-GEN-001	Avance Curricular SIES 2026	Proceso	2026	2025	Año académico 2025: primer semestre 2025, segundo semestre 2025, avance anual 2025 y acumulado hasta cierre 2025	1. Introducción	1	Plazo	El plazo de carga del archivo correctamente completado es el 10 de julio de 2026.	TEMPORALIDAD	TXT_OFICIAL_OBSERVADO	Instructivo_Avance Curricular SIES - 2026.txt	Registrar fecha límite y no desplazar año de proceso.	Control documental.	ALTA	EXTRAIDA_TXT	NO_APLICA
AC2026-GEN-002	Avance Curricular SIES 2026	Proceso	2026	2025	Año académico 2025: primer semestre 2025, segundo semestre 2025, avance anual 2025 y acumulado hasta cierre 2025	2. Alcance	2	Universo	La solicitud se construye sobre estudiantes de pregrado informados en matrícula 2025 y carreras asociadas.	UNIVERSO	TXT_OFICIAL_OBSERVADO	Instructivo_Avance Curricular SIES - 2026.txt	Usar precargas oficiales como estructura de referencia.	Cruzar matrícula contra carreras solo después de validar congelamiento.	ALTA	EXTRAIDA_TXT	NO_APLICA
AC2026-GEN-003	Avance Curricular SIES 2026	Matrícula Avance Curricular 2026	2026	2025	Año académico 2025: primer semestre 2025, segundo semestre 2025, avance anual 2025 y acumulado hasta cierre 2025	3.2 letra g	4-5	Avance curricular	El avance curricular vincula unidades aprobadas en un periodo respecto del total del plan.	DEFINICION	TXT_OFICIAL_OBSERVADO	Instructivo_Avance Curricular SIES - 2026.txt	Diferenciar avance anual y acumulado.	Validar unidades contra total del plan.	ALTA	EXTRAIDA_TXT	NO_APLICA
AC2026-GEN-004	Avance Curricular SIES 2026	Matrícula Avance Curricular 2026	2026	2025	Año académico 2025: primer semestre 2025, segundo semestre 2025, avance anual 2025 y acumulado hasta cierre 2025	IMPORTANTE cambio interno	5	Carrera informada en 2025	El avance consultado corresponde a la carrera en que el/la estudiante fue informado/a en 2025; no trasladar avance de una nueva carrera sin continuidad natural.	REGLA_FUNCIONAL	TXT_OFICIAL_OBSERVADO	Instructivo_Avance Curricular SIES - 2026.txt	Mantener referencia a matrícula 2025.	Controlar cambios internos con evidencia institucional.	ALTA	EXTRAIDA_TXT	NO_APLICA
AC2026-GEN-005	Avance Curricular SIES 2026	Matrícula Avance Curricular 2026	2026	2025	Año académico 2025: primer semestre 2025, segundo semestre 2025, avance anual 2025 y acumulado hasta cierre 2025	3.2 letras i-j	5	Convalidaciones y reconocimientos	En avance anual 2025 no se incluyen unidades por validación de estudios o reconocimiento; en acumulado sí se incluyen cuando corresponda.	REGLA_FUNCIONAL	TXT_OFICIAL_OBSERVADO	Instructivo_Avance Curricular SIES - 2026.txt	Separar anual y acumulado.	Validar fuente institucional de convalidaciones y reconocimientos.	ALTA	EXTRAIDA_TXT	NO_APLICA
AC2026-GEN-006	Avance Curricular SIES 2026	Matrícula Avance Curricular 2026	2026	2025	Año académico 2025: primer semestre 2025, segundo semestre 2025, avance anual 2025 y acumulado hasta cierre 2025	3.2 letra j	5	Tolerancia 25%	El total aprobado tiene como límite de referencia el total del plan; si sobrepasa se aplicará tolerancia de 25%.	VALIDACION	TXT_OFICIAL_OBSERVADO	Instructivo_Avance Curricular SIES - 2026.txt	Generar alerta/bloqueo según regla operativa documentada.	Comparar UNID_APROBADAS_TOTAL contra TOTAL_UNIDADES_MEDIDA.	ALTA	EXTRAIDA_TXT	NO_APLICA
AC2026-GEN-007	Avance Curricular SIES 2026	Proceso	2026	2025	Año académico 2025: primer semestre 2025, segundo semestre 2025, avance anual 2025 y acumulado hasta cierre 2025	4.1 Temporalidad	6	30 de abril 2025	Se consideran estudiantes informados como matrícula y/o inscripción al 30 de abril de 2025.	UNIVERSO	TXT_OFICIAL_OBSERVADO	Instructivo_Avance Curricular SIES - 2026.txt	No usar matrícula actual 2026 como universo.	Validar contra precarga oficial.	ALTA	EXTRAIDA_TXT	NO_APLICA
AC2026-GEN-008	Avance Curricular SIES 2026	Proceso	2026	2025	Año académico 2025: primer semestre 2025, segundo semestre 2025, avance anual 2025 y acumulado hasta cierre 2025	4.2 Cargas	6	Dos cargas	El módulo se compone de Carreras Avance Curricular 2026 y Matrícula Avance Curricular 2026.	ESTRUCTURA	TXT_OFICIAL_OBSERVADO	Instructivo_Avance Curricular SIES - 2026.txt	Separar pipelines y contratos.	Validar orden de ejecución.	ALTA	EXTRAIDA_TXT	NO_APLICA
AC2026-GEN-009	Avance Curricular SIES 2026	Carreras Avance Curricular 2026	2026	2025	Año académico 2025: primer semestre 2025, segundo semestre 2025, avance anual 2025 y acumulado hasta cierre 2025	4.2 Precarga Carreras	6	Campos no modificables	La institución no puede modificar valores precargados, con excepción de plan de estudios y vigencia, y puede duplicar carrera para más de un plan vigente.	MODIFICABILIDAD	TXT_OFICIAL_OBSERVADO	Instructivo_Avance Curricular SIES - 2026.txt	Preservar campos no modificables.	Comparar contra precarga original.	ALTA	EXTRAIDA_TXT	NO_APLICA
AC2026-GEN-010	Avance Curricular SIES 2026	Matrícula Avance Curricular 2026	2026	2025	Año académico 2025: primer semestre 2025, segundo semestre 2025, avance anual 2025 y acumulado hasta cierre 2025	4.2 Precarga Matrícula	6-7	Campos faltantes	La institución debe llenar presencia semestral, avance anual 2025 y avance acumulado.	MODIFICABILIDAD	TXT_OFICIAL_OBSERVADO	Instructivo_Avance Curricular SIES - 2026.txt	Completar solo campos permitidos con fuente institucional.	Comparar campos no modificables contra precarga.	ALTA	EXTRAIDA_TXT	NO_APLICA
AC2026-GEN-011	Avance Curricular SIES 2026	Matrícula Avance Curricular 2026	2026	2025	Año académico 2025: primer semestre 2025, segundo semestre 2025, avance anual 2025 y acumulado hasta cierre 2025	IMPORTANTE VIGENCIA	7	VIGENCIA	En matrícula deben considerarse vigentes (1) todos los registros aunque la persona se haya retirado después del 30 de abril de 2025; vigencia solo mantiene o elimina el registro del proceso actual.	REGLA_FUNCIONAL	TXT_OFICIAL_OBSERVADO	Instructivo_Avance Curricular SIES - 2026.txt	No interpretar vigencia como estado académico actual.	Requerir evidencia para VIGENCIA=0.	ALTA	EXTRAIDA_TXT	NO_APLICA
AC2026-GEN-012	Avance Curricular SIES 2026	Proceso	2026	2025	Año académico 2025: primer semestre 2025, segundo semestre 2025, avance anual 2025 y acumulado hasta cierre 2025	Anexo III	15	Preparación PES	Para cargar en PES se debe eliminar la primera columna correspondiente al Código de la Institución y los encabezados.	SALIDA_TECNICA	TXT_OFICIAL_OBSERVADO	Instructivo_Avance Curricular SIES - 2026.txt	Eliminar primera columna y encabezados solo en archivo PES final aprobado.	Validar columna institucional antes de eliminar.	ALTA	EXTRAIDA_TXT	NO_APLICA
AC2026-GEN-013	Avance Curricular SIES 2026	Proceso	2026	2025	Año académico 2025: primer semestre 2025, segundo semestre 2025, avance anual 2025 y acumulado hasta cierre 2025	Anexo III	17	Orden de cargas	Debe cargarse primero Carreras y posteriormente Matrícula; de lo contrario el sistema puede arrojar error.	ORDEN_EJECUCION	TXT_OFICIAL_OBSERVADO	Instructivo_Avance Curricular SIES - 2026.txt	Implementar gate: matrícula depende de carreras validada.	Validar catálogo de CODIGO_UNICO + PLAN_ESTUDIOS.	ALTA	EXTRAIDA_TXT	NO_APLICA
AC2026-CAR-CAMPO-01	Avance Curricular SIES 2026	Carreras Avance Curricular 2026	2026	2025	Año académico 2025: primer semestre 2025, segundo semestre 2025, avance anual 2025 y acumulado hasta cierre 2025	Anexo I	8-10	CODIGO_UNICO	CODIGO_UNICO: Identificador único de la carrera o programa informado por SIES. Campo no modificable. Dominio: Código único SIES.	CAMPO_OFICIAL	TXT_OFICIAL_OBSERVADO	Instructivo_Avance Curricular SIES - 2026.txt	Incluir en contrato Carreras sin columna institucional.	Validar posición, obligatoriedad, dominio y modificabilidad.	ALTA	EXTRAIDA_TXT	NO_APLICA
AC2026-CAR-CAMPO-02	Avance Curricular SIES 2026	Carreras Avance Curricular 2026	2026	2025	Año académico 2025: primer semestre 2025, segundo semestre 2025, avance anual 2025 y acumulado hasta cierre 2025	Anexo I	8-10	PLAN_ESTUDIOS	PLAN_ESTUDIOS: Correlativo del plan de estudios vigente; precargado con 1 y modificable cuando exista evidencia de planes vigentes distintos. Campo modificable. Dominio: Números correlativos por CODIGO_UNICO.	CAMPO_OFICIAL	TXT_OFICIAL_OBSERVADO	Instructivo_Avance Curricular SIES - 2026.txt	Incluir en contrato Carreras sin columna institucional.	Validar posición, obligatoriedad, dominio y modificabilidad.	ALTA	EXTRAIDA_TXT	NO_APLICA
AC2026-CAR-CAMPO-03	Avance Curricular SIES 2026	Carreras Avance Curricular 2026	2026	2025	Año académico 2025: primer semestre 2025, segundo semestre 2025, avance anual 2025 y acumulado hasta cierre 2025	Anexo I	8-10	NOMBRE_SEDE	NOMBRE_SEDE: Sede en que se imparte la carrera o programa informado. Campo no modificable. Dominio: Dato precargado.	CAMPO_OFICIAL	TXT_OFICIAL_OBSERVADO	Instructivo_Avance Curricular SIES - 2026.txt	Incluir en contrato Carreras sin columna institucional.	Validar posición, obligatoriedad, dominio y modificabilidad.	MEDIA	EXTRAIDA_TXT	NO_APLICA
AC2026-CAR-CAMPO-04	Avance Curricular SIES 2026	Carreras Avance Curricular 2026	2026	2025	Año académico 2025: primer semestre 2025, segundo semestre 2025, avance anual 2025 y acumulado hasta cierre 2025	Anexo I	8-10	NOMBRE_CARRERA	NOMBRE_CARRERA: Nombre completo de la carrera o programa informado. Campo no modificable. Dominio: Dato precargado.	CAMPO_OFICIAL	TXT_OFICIAL_OBSERVADO	Instructivo_Avance Curricular SIES - 2026.txt	Incluir en contrato Carreras sin columna institucional.	Validar posición, obligatoriedad, dominio y modificabilidad.	MEDIA	EXTRAIDA_TXT	NO_APLICA
AC2026-CAR-CAMPO-05	Avance Curricular SIES 2026	Carreras Avance Curricular 2026	2026	2025	Año académico 2025: primer semestre 2025, segundo semestre 2025, avance anual 2025 y acumulado hasta cierre 2025	Anexo I	8-10	JORNADA	JORNADA: Jornada en que se imparte la carrera o programa. Campo no modificable. Dominio: 1 Diurna; 2 Vespertina; 3 Semipresencial; 4 A Distancia; 5 Otra.	CAMPO_OFICIAL	TXT_OFICIAL_OBSERVADO	Instructivo_Avance Curricular SIES - 2026.txt	Incluir en contrato Carreras sin columna institucional.	Validar posición, obligatoriedad, dominio y modificabilidad.	MEDIA	EXTRAIDA_TXT	NO_APLICA
AC2026-CAR-CAMPO-06	Avance Curricular SIES 2026	Carreras Avance Curricular 2026	2026	2025	Año académico 2025: primer semestre 2025, segundo semestre 2025, avance anual 2025 y acumulado hasta cierre 2025	Anexo I	8-10	VERSION	VERSION: Número de versión del programa de estudios. Campo no modificable. Dominio: Dato precargado.	CAMPO_OFICIAL	TXT_OFICIAL_OBSERVADO	Instructivo_Avance Curricular SIES - 2026.txt	Incluir en contrato Carreras sin columna institucional.	Validar posición, obligatoriedad, dominio y modificabilidad.	MEDIA	EXTRAIDA_TXT	NO_APLICA
AC2026-CAR-CAMPO-07	Avance Curricular SIES 2026	Carreras Avance Curricular 2026	2026	2025	Año académico 2025: primer semestre 2025, segundo semestre 2025, avance anual 2025 y acumulado hasta cierre 2025	Anexo I	8-10	DURACION_ESTUDIOS	DURACION_ESTUDIOS: Duración del plan en semestres, sin incluir titulación cuando esté fuera del plan. Campo no modificable. Dominio: Semestres.	CAMPO_OFICIAL	TXT_OFICIAL_OBSERVADO	Instructivo_Avance Curricular SIES - 2026.txt	Incluir en contrato Carreras sin columna institucional.	Validar posición, obligatoriedad, dominio y modificabilidad.	MEDIA	EXTRAIDA_TXT	NO_APLICA
AC2026-CAR-CAMPO-08	Avance Curricular SIES 2026	Carreras Avance Curricular 2026	2026	2025	Año académico 2025: primer semestre 2025, segundo semestre 2025, avance anual 2025 y acumulado hasta cierre 2025	Anexo I	8-10	DURACION_TITULACION	DURACION_TITULACION: Duración normal estimada del proceso de titulación, no plazo máximo. Campo no modificable. Dominio: Semestres.	CAMPO_OFICIAL	TXT_OFICIAL_OBSERVADO	Instructivo_Avance Curricular SIES - 2026.txt	Incluir en contrato Carreras sin columna institucional.	Validar posición, obligatoriedad, dominio y modificabilidad.	MEDIA	EXTRAIDA_TXT	NO_APLICA
AC2026-CAR-CAMPO-09	Avance Curricular SIES 2026	Carreras Avance Curricular 2026	2026	2025	Año académico 2025: primer semestre 2025, segundo semestre 2025, avance anual 2025 y acumulado hasta cierre 2025	Anexo I	8-10	DURACION_TOTAL	DURACION_TOTAL: Duración teórica total hasta título o grado terminal. Campo no modificable. Dominio: Semestres.	CAMPO_OFICIAL	TXT_OFICIAL_OBSERVADO	Instructivo_Avance Curricular SIES - 2026.txt	Incluir en contrato Carreras sin columna institucional.	Validar posición, obligatoriedad, dominio y modificabilidad.	MEDIA	EXTRAIDA_TXT	NO_APLICA
AC2026-CAR-CAMPO-10	Avance Curricular SIES 2026	Carreras Avance Curricular 2026	2026	2025	Año académico 2025: primer semestre 2025, segundo semestre 2025, avance anual 2025 y acumulado hasta cierre 2025	Anexo I	8-10	NIVEL_CARRERA	NIVEL_CARRERA: Nivel específico al que pertenecen los estudios. Campo no modificable. Dominio: 0 Bachillerato/Ciclo inicial/Plan común; 1 TNS; 2 Profesional sin licenciatura; 3 Licenciatura no conducente; 4 Profesional con licenciatura.	CAMPO_OFICIAL	TXT_OFICIAL_OBSERVADO	Instructivo_Avance Curricular SIES - 2026.txt	Incluir en contrato Carreras sin columna institucional.	Validar posición, obligatoriedad, dominio y modificabilidad.	MEDIA	EXTRAIDA_TXT	NO_APLICA
AC2026-CAR-CAMPO-11	Avance Curricular SIES 2026	Carreras Avance Curricular 2026	2026	2025	Año académico 2025: primer semestre 2025, segundo semestre 2025, avance anual 2025 y acumulado hasta cierre 2025	Anexo I	8-10	TIPO_UNIDAD_MEDIDA	TIPO_UNIDAD_MEDIDA: Unidad usada por la institución para cuantificar el avance curricular. Campo modificable. Dominio: 1 Asignaturas/cursos/módulos; 2 Créditos académicos o SCT-Chile; 3 Otra unidad.	CAMPO_OFICIAL	TXT_OFICIAL_OBSERVADO	Instructivo_Avance Curricular SIES - 2026.txt	Incluir en contrato Carreras sin columna institucional.	Validar posición, obligatoriedad, dominio y modificabilidad.	ALTA	EXTRAIDA_TXT	NO_APLICA
AC2026-CAR-CAMPO-12	Avance Curricular SIES 2026	Carreras Avance Curricular 2026	2026	2025	Año académico 2025: primer semestre 2025, segundo semestre 2025, avance anual 2025 y acumulado hasta cierre 2025	Anexo I	8-10	OTRA_UNIDAD_MEDIDA	OTRA_UNIDAD_MEDIDA: Nombre descriptivo cuando TIPO_UNIDAD_MEDIDA es 3. Campo modificable. Dominio: Texto; requerido solo cuando tipo es 3 según Anexo IV.	CAMPO_OFICIAL	TXT_OFICIAL_OBSERVADO	Instructivo_Avance Curricular SIES - 2026.txt	Incluir en contrato Carreras sin columna institucional.	Validar posición, obligatoriedad, dominio y modificabilidad.	MEDIA	EXTRAIDA_TXT	NO_APLICA
AC2026-CAR-CAMPO-13	Avance Curricular SIES 2026	Carreras Avance Curricular 2026	2026	2025	Año académico 2025: primer semestre 2025, segundo semestre 2025, avance anual 2025 y acumulado hasta cierre 2025	Anexo I	8-10	TOTAL_UNIDADES_MEDIDA	TOTAL_UNIDADES_MEDIDA: Total de unidades que componen el plan de estudios. Campo modificable. Dominio: Números enteros; obligatorio.	CAMPO_OFICIAL	TXT_OFICIAL_OBSERVADO	Instructivo_Avance Curricular SIES - 2026.txt	Incluir en contrato Carreras sin columna institucional.	Validar posición, obligatoriedad, dominio y modificabilidad.	ALTA	EXTRAIDA_TXT	NO_APLICA
AC2026-CAR-CAMPO-14	Avance Curricular SIES 2026	Carreras Avance Curricular 2026	2026	2025	Año académico 2025: primer semestre 2025, segundo semestre 2025, avance anual 2025 y acumulado hasta cierre 2025	Anexo I	8-10	UNIDADES_1ER_ANIO	UNIDADES_1ER_ANIO: Total de unidades que componen el primer año del plan. Campo modificable. Dominio: Números enteros.	CAMPO_OFICIAL	TXT_OFICIAL_OBSERVADO	Instructivo_Avance Curricular SIES - 2026.txt	Incluir en contrato Carreras sin columna institucional.	Validar posición, obligatoriedad, dominio y modificabilidad.	MEDIA	EXTRAIDA_TXT	NO_APLICA
AC2026-CAR-CAMPO-15	Avance Curricular SIES 2026	Carreras Avance Curricular 2026	2026	2025	Año académico 2025: primer semestre 2025, segundo semestre 2025, avance anual 2025 y acumulado hasta cierre 2025	Anexo I	8-10	UNIDADES_2DO_ANIO	UNIDADES_2DO_ANIO: Total de unidades que componen el segundo año del plan. Campo modificable. Dominio: Números enteros.	CAMPO_OFICIAL	TXT_OFICIAL_OBSERVADO	Instructivo_Avance Curricular SIES - 2026.txt	Incluir en contrato Carreras sin columna institucional.	Validar posición, obligatoriedad, dominio y modificabilidad.	MEDIA	EXTRAIDA_TXT	NO_APLICA
AC2026-CAR-CAMPO-16	Avance Curricular SIES 2026	Carreras Avance Curricular 2026	2026	2025	Año académico 2025: primer semestre 2025, segundo semestre 2025, avance anual 2025 y acumulado hasta cierre 2025	Anexo I	8-10	UNIDADES_3ER_ANIO	UNIDADES_3ER_ANIO: Total de unidades que componen el tercer año del plan. Campo modificable. Dominio: Números enteros.	CAMPO_OFICIAL	TXT_OFICIAL_OBSERVADO	Instructivo_Avance Curricular SIES - 2026.txt	Incluir en contrato Carreras sin columna institucional.	Validar posición, obligatoriedad, dominio y modificabilidad.	MEDIA	EXTRAIDA_TXT	NO_APLICA
AC2026-CAR-CAMPO-17	Avance Curricular SIES 2026	Carreras Avance Curricular 2026	2026	2025	Año académico 2025: primer semestre 2025, segundo semestre 2025, avance anual 2025 y acumulado hasta cierre 2025	Anexo I	8-10	UNIDADES_4TO_ANIO	UNIDADES_4TO_ANIO: Total de unidades que componen el cuarto año del plan. Campo modificable. Dominio: Números enteros.	CAMPO_OFICIAL	TXT_OFICIAL_OBSERVADO	Instructivo_Avance Curricular SIES - 2026.txt	Incluir en contrato Carreras sin columna institucional.	Validar posición, obligatoriedad, dominio y modificabilidad.	MEDIA	EXTRAIDA_TXT	NO_APLICA
AC2026-CAR-CAMPO-18	Avance Curricular SIES 2026	Carreras Avance Curricular 2026	2026	2025	Año académico 2025: primer semestre 2025, segundo semestre 2025, avance anual 2025 y acumulado hasta cierre 2025	Anexo I	8-10	UNIDADES_5TO_ANIO	UNIDADES_5TO_ANIO: Total de unidades que componen el quinto año del plan. Campo modificable. Dominio: Números enteros.	CAMPO_OFICIAL	TXT_OFICIAL_OBSERVADO	Instructivo_Avance Curricular SIES - 2026.txt	Incluir en contrato Carreras sin columna institucional.	Validar posición, obligatoriedad, dominio y modificabilidad.	MEDIA	EXTRAIDA_TXT	NO_APLICA
AC2026-CAR-CAMPO-19	Avance Curricular SIES 2026	Carreras Avance Curricular 2026	2026	2025	Año académico 2025: primer semestre 2025, segundo semestre 2025, avance anual 2025 y acumulado hasta cierre 2025	Anexo I	8-10	UNIDADES_6TO_ANIO	UNIDADES_6TO_ANIO: Total de unidades que componen el sexto año del plan. Campo modificable. Dominio: Números enteros.	CAMPO_OFICIAL	TXT_OFICIAL_OBSERVADO	Instructivo_Avance Curricular SIES - 2026.txt	Incluir en contrato Carreras sin columna institucional.	Validar posición, obligatoriedad, dominio y modificabilidad.	MEDIA	EXTRAIDA_TXT	NO_APLICA
AC2026-CAR-CAMPO-20	Avance Curricular SIES 2026	Carreras Avance Curricular 2026	2026	2025	Año académico 2025: primer semestre 2025, segundo semestre 2025, avance anual 2025 y acumulado hasta cierre 2025	Anexo I	8-10	UNIDADES_7MO_ANIO	UNIDADES_7MO_ANIO: Total de unidades que componen el séptimo año del plan. Campo modificable. Dominio: Números enteros.	CAMPO_OFICIAL	TXT_OFICIAL_OBSERVADO	Instructivo_Avance Curricular SIES - 2026.txt	Incluir en contrato Carreras sin columna institucional.	Validar posición, obligatoriedad, dominio y modificabilidad.	MEDIA	EXTRAIDA_TXT	NO_APLICA
AC2026-CAR-CAMPO-21	Avance Curricular SIES 2026	Carreras Avance Curricular 2026	2026	2025	Año académico 2025: primer semestre 2025, segundo semestre 2025, avance anual 2025 y acumulado hasta cierre 2025	Anexo I	8-10	VIGENCIA	VIGENCIA: Variable para mantener o eliminar un registro cargado en este proceso. Campo modificable. Dominio: 0 Eliminar registro; 1 Mantener registro.	CAMPO_OFICIAL	TXT_OFICIAL_OBSERVADO	Instructivo_Avance Curricular SIES - 2026.txt	Incluir en contrato Carreras sin columna institucional.	Validar posición, obligatoriedad, dominio y modificabilidad.	ALTA	EXTRAIDA_TXT	NO_APLICA
AC2026-MAT-CAMPO-01	Avance Curricular SIES 2026	Matrícula Avance Curricular 2026	2026	2025	Año académico 2025: primer semestre 2025, segundo semestre 2025, avance anual 2025 y acumulado hasta cierre 2025	Anexo II	11-14	TIPO_DOCUMENTO	TIPO_DOCUMENTO: Tipo de documento de identificación de cada estudiante. Campo no modificable. Dominio: R RUN; P Pasaporte.	CAMPO_OFICIAL	TXT_OFICIAL_OBSERVADO	Instructivo_Avance Curricular SIES - 2026.txt	Incluir en contrato Matrícula sin columna institucional.	Validar posición, obligatoriedad, dominio y modificabilidad.	ALTA	EXTRAIDA_TXT	NO_APLICA
AC2026-MAT-CAMPO-02	Avance Curricular SIES 2026	Matrícula Avance Curricular 2026	2026	2025	Año académico 2025: primer semestre 2025, segundo semestre 2025, avance anual 2025 y acumulado hasta cierre 2025	Anexo II	11-14	NUM_DOCUMENTO	NUM_DOCUMENTO: Cuerpo del RUN o número de pasaporte. Campo no modificable. Dominio: Dato precargado.	CAMPO_OFICIAL	TXT_OFICIAL_OBSERVADO	Instructivo_Avance Curricular SIES - 2026.txt	Incluir en contrato Matrícula sin columna institucional.	Validar posición, obligatoriedad, dominio y modificabilidad.	ALTA	EXTRAIDA_TXT	NO_APLICA
AC2026-MAT-CAMPO-03	Avance Curricular SIES 2026	Matrícula Avance Curricular 2026	2026	2025	Año académico 2025: primer semestre 2025, segundo semestre 2025, avance anual 2025 y acumulado hasta cierre 2025	Anexo II	11-14	DV	DV: Dígito verificador del RUN. Campo no modificable. Dominio: 0-9 o K.	CAMPO_OFICIAL	TXT_OFICIAL_OBSERVADO	Instructivo_Avance Curricular SIES - 2026.txt	Incluir en contrato Matrícula sin columna institucional.	Validar posición, obligatoriedad, dominio y modificabilidad.	MEDIA	EXTRAIDA_TXT	NO_APLICA
AC2026-MAT-CAMPO-04	Avance Curricular SIES 2026	Matrícula Avance Curricular 2026	2026	2025	Año académico 2025: primer semestre 2025, segundo semestre 2025, avance anual 2025 y acumulado hasta cierre 2025	Anexo II	11-14	PRIMER_APELLIDO	PRIMER_APELLIDO: Primer apellido completo de cada estudiante. Campo no modificable. Dominio: Dato precargado.	CAMPO_OFICIAL	TXT_OFICIAL_OBSERVADO	Instructivo_Avance Curricular SIES - 2026.txt	Incluir en contrato Matrícula sin columna institucional.	Validar posición, obligatoriedad, dominio y modificabilidad.	MEDIA	EXTRAIDA_TXT	NO_APLICA
AC2026-MAT-CAMPO-05	Avance Curricular SIES 2026	Matrícula Avance Curricular 2026	2026	2025	Año académico 2025: primer semestre 2025, segundo semestre 2025, avance anual 2025 y acumulado hasta cierre 2025	Anexo II	11-14	SEGUNDO_APELLIDO	SEGUNDO_APELLIDO: Segundo apellido completo de cada estudiante. Campo no modificable. Dominio: Dato precargado.	CAMPO_OFICIAL	TXT_OFICIAL_OBSERVADO	Instructivo_Avance Curricular SIES - 2026.txt	Incluir en contrato Matrícula sin columna institucional.	Validar posición, obligatoriedad, dominio y modificabilidad.	MEDIA	EXTRAIDA_TXT	NO_APLICA
AC2026-MAT-CAMPO-06	Avance Curricular SIES 2026	Matrícula Avance Curricular 2026	2026	2025	Año académico 2025: primer semestre 2025, segundo semestre 2025, avance anual 2025 y acumulado hasta cierre 2025	Anexo II	11-14	NOMBRES	NOMBRES: Nombres completos de cada estudiante. Campo no modificable. Dominio: Dato precargado.	CAMPO_OFICIAL	TXT_OFICIAL_OBSERVADO	Instructivo_Avance Curricular SIES - 2026.txt	Incluir en contrato Matrícula sin columna institucional.	Validar posición, obligatoriedad, dominio y modificabilidad.	MEDIA	EXTRAIDA_TXT	NO_APLICA
AC2026-MAT-CAMPO-07	Avance Curricular SIES 2026	Matrícula Avance Curricular 2026	2026	2025	Año académico 2025: primer semestre 2025, segundo semestre 2025, avance anual 2025 y acumulado hasta cierre 2025	Anexo II	11-14	SEXO	SEXO: Condición de mujer, hombre o no binario reportada en matrícula. Campo no modificable. Dominio: M Mujer; H Hombre; X No Binario.	CAMPO_OFICIAL	TXT_OFICIAL_OBSERVADO	Instructivo_Avance Curricular SIES - 2026.txt	Incluir en contrato Matrícula sin columna institucional.	Validar posición, obligatoriedad, dominio y modificabilidad.	MEDIA	EXTRAIDA_TXT	NO_APLICA
AC2026-MAT-CAMPO-08	Avance Curricular SIES 2026	Matrícula Avance Curricular 2026	2026	2025	Año académico 2025: primer semestre 2025, segundo semestre 2025, avance anual 2025 y acumulado hasta cierre 2025	Anexo II	11-14	FECHA_NACIMIENTO	FECHA_NACIMIENTO: Fecha de nacimiento del/de la estudiante. Campo no modificable. Dominio: Dato precargado.	CAMPO_OFICIAL	TXT_OFICIAL_OBSERVADO	Instructivo_Avance Curricular SIES - 2026.txt	Incluir en contrato Matrícula sin columna institucional.	Validar posición, obligatoriedad, dominio y modificabilidad.	MEDIA	EXTRAIDA_TXT	NO_APLICA
AC2026-MAT-CAMPO-09	Avance Curricular SIES 2026	Matrícula Avance Curricular 2026	2026	2025	Año académico 2025: primer semestre 2025, segundo semestre 2025, avance anual 2025 y acumulado hasta cierre 2025	Anexo II	11-14	CODIGO_UNICO	CODIGO_UNICO: Identificador único de la carrera o programa informado por SIES. Campo no modificable. Dominio: Código único SIES.	CAMPO_OFICIAL	TXT_OFICIAL_OBSERVADO	Instructivo_Avance Curricular SIES - 2026.txt	Incluir en contrato Matrícula sin columna institucional.	Validar posición, obligatoriedad, dominio y modificabilidad.	ALTA	EXTRAIDA_TXT	NO_APLICA
AC2026-MAT-CAMPO-10	Avance Curricular SIES 2026	Matrícula Avance Curricular 2026	2026	2025	Año académico 2025: primer semestre 2025, segundo semestre 2025, avance anual 2025 y acumulado hasta cierre 2025	Anexo II	11-14	PLAN_ESTUDIOS	PLAN_ESTUDIOS: Correlativo del plan de estudios vigente; precargado con 1 y modificable cuando exista evidencia de planes vigentes distintos. Campo modificable. Dominio: Números correlativos por CODIGO_UNICO.	CAMPO_OFICIAL	TXT_OFICIAL_OBSERVADO	Instructivo_Avance Curricular SIES - 2026.txt	Incluir en contrato Matrícula sin columna institucional.	Validar posición, obligatoriedad, dominio y modificabilidad.	ALTA	EXTRAIDA_TXT	NO_APLICA
AC2026-MAT-CAMPO-11	Avance Curricular SIES 2026	Matrícula Avance Curricular 2026	2026	2025	Año académico 2025: primer semestre 2025, segundo semestre 2025, avance anual 2025 y acumulado hasta cierre 2025	Anexo II	11-14	ANIO_INGRESO_CARRERA_ACTUAL	ANIO_INGRESO_CARRERA_ACTUAL: Año en que cada estudiante ingresó a la carrera actual. Campo no modificable. Dominio: Año calendario; no mayor a 2025 según Anexo V.	CAMPO_OFICIAL	TXT_OFICIAL_OBSERVADO	Instructivo_Avance Curricular SIES - 2026.txt	Incluir en contrato Matrícula sin columna institucional.	Validar posición, obligatoriedad, dominio y modificabilidad.	MEDIA	EXTRAIDA_TXT	NO_APLICA
AC2026-MAT-CAMPO-12	Avance Curricular SIES 2026	Matrícula Avance Curricular 2026	2026	2025	Año académico 2025: primer semestre 2025, segundo semestre 2025, avance anual 2025 y acumulado hasta cierre 2025	Anexo II	11-14	SEM_INGRESO_CARRERA_ACTUAL	SEM_INGRESO_CARRERA_ACTUAL: Semestre de ingreso a la carrera actual. Campo no modificable. Dominio: 1 Primer Semestre; 2 Segundo Semestre.	CAMPO_OFICIAL	TXT_OFICIAL_OBSERVADO	Instructivo_Avance Curricular SIES - 2026.txt	Incluir en contrato Matrícula sin columna institucional.	Validar posición, obligatoriedad, dominio y modificabilidad.	MEDIA	EXTRAIDA_TXT	NO_APLICA
AC2026-MAT-CAMPO-13	Avance Curricular SIES 2026	Matrícula Avance Curricular 2026	2026	2025	Año académico 2025: primer semestre 2025, segundo semestre 2025, avance anual 2025 y acumulado hasta cierre 2025	Anexo II	11-14	ANIO_INGRESO_CARRERA_ORIGEN	ANIO_INGRESO_CARRERA_ORIGEN: Año de ingreso al primer año del plan de estudios de la carrera de origen. Campo no modificable. Dominio: Año calendario; no mayor a 2025 según Anexo V.	CAMPO_OFICIAL	TXT_OFICIAL_OBSERVADO	Instructivo_Avance Curricular SIES - 2026.txt	Incluir en contrato Matrícula sin columna institucional.	Validar posición, obligatoriedad, dominio y modificabilidad.	MEDIA	EXTRAIDA_TXT	NO_APLICA
AC2026-MAT-CAMPO-14	Avance Curricular SIES 2026	Matrícula Avance Curricular 2026	2026	2025	Año académico 2025: primer semestre 2025, segundo semestre 2025, avance anual 2025 y acumulado hasta cierre 2025	Anexo II	11-14	SEM_INGRESO_CARRERA_ORIGEN	SEM_INGRESO_CARRERA_ORIGEN: Semestre de ingreso a la carrera de origen o primer año. Campo no modificable. Dominio: 1 Primer Semestre; 2 Segundo Semestre.	CAMPO_OFICIAL	TXT_OFICIAL_OBSERVADO	Instructivo_Avance Curricular SIES - 2026.txt	Incluir en contrato Matrícula sin columna institucional.	Validar posición, obligatoriedad, dominio y modificabilidad.	MEDIA	EXTRAIDA_TXT	NO_APLICA
AC2026-MAT-CAMPO-15	Avance Curricular SIES 2026	Matrícula Avance Curricular 2026	2026	2025	Año académico 2025: primer semestre 2025, segundo semestre 2025, avance anual 2025 y acumulado hasta cierre 2025	Anexo II	11-14	CURSO_1ER_SEM	CURSO_1ER_SEM: Indica si cursó actividades académicas durante el primer semestre 2025. Campo modificable. Dominio: SI; NO.	CAMPO_OFICIAL	TXT_OFICIAL_OBSERVADO	Instructivo_Avance Curricular SIES - 2026.txt	Incluir en contrato Matrícula sin columna institucional.	Validar posición, obligatoriedad, dominio y modificabilidad.	MEDIA	EXTRAIDA_TXT	NO_APLICA
AC2026-MAT-CAMPO-16	Avance Curricular SIES 2026	Matrícula Avance Curricular 2026	2026	2025	Año académico 2025: primer semestre 2025, segundo semestre 2025, avance anual 2025 y acumulado hasta cierre 2025	Anexo II	11-14	CURSO_2DO_SEM	CURSO_2DO_SEM: Indica si cursó actividades académicas durante el segundo semestre 2025. Campo modificable. Dominio: SI; NO.	CAMPO_OFICIAL	TXT_OFICIAL_OBSERVADO	Instructivo_Avance Curricular SIES - 2026.txt	Incluir en contrato Matrícula sin columna institucional.	Validar posición, obligatoriedad, dominio y modificabilidad.	MEDIA	EXTRAIDA_TXT	NO_APLICA
AC2026-MAT-CAMPO-17	Avance Curricular SIES 2026	Matrícula Avance Curricular 2026	2026	2025	Año académico 2025: primer semestre 2025, segundo semestre 2025, avance anual 2025 y acumulado hasta cierre 2025	Anexo II	11-14	UNIDADES_CURSADAS	UNIDADES_CURSADAS: Unidades cursadas efectivamente durante 2025 pertenecientes al plan informado. Campo modificable. Dominio: Números; no incluye validación o reconocimiento en avance anual.	CAMPO_OFICIAL	TXT_OFICIAL_OBSERVADO	Instructivo_Avance Curricular SIES - 2026.txt	Incluir en contrato Matrícula sin columna institucional.	Validar posición, obligatoriedad, dominio y modificabilidad.	MEDIA	EXTRAIDA_TXT	NO_APLICA
AC2026-MAT-CAMPO-18	Avance Curricular SIES 2026	Matrícula Avance Curricular 2026	2026	2025	Año académico 2025: primer semestre 2025, segundo semestre 2025, avance anual 2025 y acumulado hasta cierre 2025	Anexo II	11-14	UNIDADES_APROBADAS	UNIDADES_APROBADAS: Unidades aprobadas efectivamente durante 2025 pertenecientes al plan informado. Campo modificable. Dominio: Números; no incluye validación o reconocimiento en avance anual.	CAMPO_OFICIAL	TXT_OFICIAL_OBSERVADO	Instructivo_Avance Curricular SIES - 2026.txt	Incluir en contrato Matrícula sin columna institucional.	Validar posición, obligatoriedad, dominio y modificabilidad.	ALTA	EXTRAIDA_TXT	NO_APLICA
AC2026-MAT-CAMPO-19	Avance Curricular SIES 2026	Matrícula Avance Curricular 2026	2026	2025	Año académico 2025: primer semestre 2025, segundo semestre 2025, avance anual 2025 y acumulado hasta cierre 2025	Anexo II	11-14	UNID_CURSADAS_TOTAL	UNID_CURSADAS_TOTAL: Unidades cursadas desde ingreso hasta cierre de 2025. Campo modificable. Dominio: Números; puede incluir validación o reconocimiento según instructivo.	CAMPO_OFICIAL	TXT_OFICIAL_OBSERVADO	Instructivo_Avance Curricular SIES - 2026.txt	Incluir en contrato Matrícula sin columna institucional.	Validar posición, obligatoriedad, dominio y modificabilidad.	MEDIA	EXTRAIDA_TXT	NO_APLICA
AC2026-MAT-CAMPO-20	Avance Curricular SIES 2026	Matrícula Avance Curricular 2026	2026	2025	Año académico 2025: primer semestre 2025, segundo semestre 2025, avance anual 2025 y acumulado hasta cierre 2025	Anexo II	11-14	UNID_APROBADAS_TOTAL	UNID_APROBADAS_TOTAL: Unidades aprobadas desde ingreso hasta cierre de 2025. Campo modificable. Dominio: Números; límite de referencia es total del plan con tolerancia de 25%.	CAMPO_OFICIAL	TXT_OFICIAL_OBSERVADO	Instructivo_Avance Curricular SIES - 2026.txt	Incluir en contrato Matrícula sin columna institucional.	Validar posición, obligatoriedad, dominio y modificabilidad.	ALTA	EXTRAIDA_TXT	NO_APLICA
AC2026-MAT-CAMPO-21	Avance Curricular SIES 2026	Matrícula Avance Curricular 2026	2026	2025	Año académico 2025: primer semestre 2025, segundo semestre 2025, avance anual 2025 y acumulado hasta cierre 2025	Anexo II	11-14	VIGENCIA	VIGENCIA: Variable para mantener o eliminar un registro cargado en este proceso. Campo modificable. Dominio: 0 Eliminar registro; 1 Mantener registro.	CAMPO_OFICIAL	TXT_OFICIAL_OBSERVADO	Instructivo_Avance Curricular SIES - 2026.txt	Incluir en contrato Matrícula sin columna institucional.	Validar posición, obligatoriedad, dominio y modificabilidad.	ALTA	EXTRAIDA_TXT	NO_APLICA
AC2026-CAR-VAL-01	Avance Curricular SIES 2026	Carreras Avance Curricular 2026	2026	2025	Año académico 2025: primer semestre 2025, segundo semestre 2025, avance anual 2025 y acumulado hasta cierre 2025	Anexo IV	21	Validación Carreras	Uno o más atributos no modificables han sido editados con respecto a la precarga.	VALIDACION_EXPLICITA	TXT_OFICIAL_OBSERVADO	Instructivo_Avance Curricular SIES - 2026.txt	Implementar como validación de control antes de PES.	Registrar errores por fila/campo sin corregir automáticamente.	ALTA	EXTRAIDA_TXT	NO_APLICA
AC2026-CAR-VAL-02	Avance Curricular SIES 2026	Carreras Avance Curricular 2026	2026	2025	Año académico 2025: primer semestre 2025, segundo semestre 2025, avance anual 2025 y acumulado hasta cierre 2025	Anexo IV	21	Validación Carreras	Los valores permitidos para VIGENCIA son 0 y 1.	VALIDACION_EXPLICITA	TXT_OFICIAL_OBSERVADO	Instructivo_Avance Curricular SIES - 2026.txt	Implementar como validación de control antes de PES.	Registrar errores por fila/campo sin corregir automáticamente.	ALTA	EXTRAIDA_TXT	NO_APLICA
AC2026-CAR-VAL-03	Avance Curricular SIES 2026	Carreras Avance Curricular 2026	2026	2025	Año académico 2025: primer semestre 2025, segundo semestre 2025, avance anual 2025 y acumulado hasta cierre 2025	Anexo IV	21	Validación Carreras	Para TIPO_UNIDAD_MEDIDA 3 debe especificar la unidad de medida que utiliza.	VALIDACION_EXPLICITA	TXT_OFICIAL_OBSERVADO	Instructivo_Avance Curricular SIES - 2026.txt	Implementar como validación de control antes de PES.	Registrar errores por fila/campo sin corregir automáticamente.	ALTA	EXTRAIDA_TXT	NO_APLICA
AC2026-CAR-VAL-04	Avance Curricular SIES 2026	Carreras Avance Curricular 2026	2026	2025	Año académico 2025: primer semestre 2025, segundo semestre 2025, avance anual 2025 y acumulado hasta cierre 2025	Anexo IV	21	Validación Carreras	Campo OTRA_UNIDAD_MEDIDA se completa solo si TIPO_UNIDAD_MEDIDA es 3.	VALIDACION_EXPLICITA	TXT_OFICIAL_OBSERVADO	Instructivo_Avance Curricular SIES - 2026.txt	Implementar como validación de control antes de PES.	Registrar errores por fila/campo sin corregir automáticamente.	ALTA	EXTRAIDA_TXT	NO_APLICA
AC2026-CAR-VAL-05	Avance Curricular SIES 2026	Carreras Avance Curricular 2026	2026	2025	Año académico 2025: primer semestre 2025, segundo semestre 2025, avance anual 2025 y acumulado hasta cierre 2025	Anexo IV	21	Validación Carreras	TOTAL_UNIDADES_MEDIDA no coincide con la suma de las unidades ingresadas por año.	VALIDACION_EXPLICITA	TXT_OFICIAL_OBSERVADO	Instructivo_Avance Curricular SIES - 2026.txt	Implementar como validación de control antes de PES.	Registrar errores por fila/campo sin corregir automáticamente.	ALTA	EXTRAIDA_TXT	NO_APLICA
AC2026-CAR-VAL-06	Avance Curricular SIES 2026	Carreras Avance Curricular 2026	2026	2025	Año académico 2025: primer semestre 2025, segundo semestre 2025, avance anual 2025 y acumulado hasta cierre 2025	Anexo IV	21	Validación Carreras	Tipo de unidad de medida puede ser 1, 2 o 3.	VALIDACION_EXPLICITA	TXT_OFICIAL_OBSERVADO	Instructivo_Avance Curricular SIES - 2026.txt	Implementar como validación de control antes de PES.	Registrar errores por fila/campo sin corregir automáticamente.	ALTA	EXTRAIDA_TXT	NO_APLICA
AC2026-CAR-VAL-07	Avance Curricular SIES 2026	Carreras Avance Curricular 2026	2026	2025	Año académico 2025: primer semestre 2025, segundo semestre 2025, avance anual 2025 y acumulado hasta cierre 2025	Anexo IV	21	Validación Carreras	Distribución de unidades de medida no coincide con duración de la carrera.	VALIDACION_EXPLICITA	TXT_OFICIAL_OBSERVADO	Instructivo_Avance Curricular SIES - 2026.txt	Implementar como validación de control antes de PES.	Registrar errores por fila/campo sin corregir automáticamente.	ALTA	EXTRAIDA_TXT	NO_APLICA
AC2026-MAT-VAL-01	Avance Curricular SIES 2026	Matrícula Avance Curricular 2026	2026	2025	Año académico 2025: primer semestre 2025, segundo semestre 2025, avance anual 2025 y acumulado hasta cierre 2025	Anexo V	22	Validación Matrícula	Cantidad total de unidades aprobadas es excesivamente superior al número total de unidades de la carrera.	VALIDACION_EXPLICITA	TXT_OFICIAL_OBSERVADO	Instructivo_Avance Curricular SIES - 2026.txt	Implementar como validación de control antes de PES.	Registrar errores por fila/campo sin corregir automáticamente.	ALTA	EXTRAIDA_TXT	NO_APLICA
AC2026-MAT-VAL-02	Avance Curricular SIES 2026	Matrícula Avance Curricular 2026	2026	2025	Año académico 2025: primer semestre 2025, segundo semestre 2025, avance anual 2025 y acumulado hasta cierre 2025	Anexo V	22	Validación Matrícula	Uno o más atributos no modificables han sido editados respecto a la precarga.	VALIDACION_EXPLICITA	TXT_OFICIAL_OBSERVADO	Instructivo_Avance Curricular SIES - 2026.txt	Implementar como validación de control antes de PES.	Registrar errores por fila/campo sin corregir automáticamente.	ALTA	EXTRAIDA_TXT	NO_APLICA
AC2026-MAT-VAL-03	Avance Curricular SIES 2026	Matrícula Avance Curricular 2026	2026	2025	Año académico 2025: primer semestre 2025, segundo semestre 2025, avance anual 2025 y acumulado hasta cierre 2025	Anexo V	22	Validación Matrícula	Los valores permitidos para CURSO_1ER_SEM son SI y NO.	VALIDACION_EXPLICITA	TXT_OFICIAL_OBSERVADO	Instructivo_Avance Curricular SIES - 2026.txt	Implementar como validación de control antes de PES.	Registrar errores por fila/campo sin corregir automáticamente.	ALTA	EXTRAIDA_TXT	NO_APLICA
AC2026-MAT-VAL-04	Avance Curricular SIES 2026	Matrícula Avance Curricular 2026	2026	2025	Año académico 2025: primer semestre 2025, segundo semestre 2025, avance anual 2025 y acumulado hasta cierre 2025	Anexo V	22	Validación Matrícula	Los valores permitidos para CURSO_2DO_SEM son SI y NO.	VALIDACION_EXPLICITA	TXT_OFICIAL_OBSERVADO	Instructivo_Avance Curricular SIES - 2026.txt	Implementar como validación de control antes de PES.	Registrar errores por fila/campo sin corregir automáticamente.	ALTA	EXTRAIDA_TXT	NO_APLICA
AC2026-MAT-VAL-05	Avance Curricular SIES 2026	Matrícula Avance Curricular 2026	2026	2025	Año académico 2025: primer semestre 2025, segundo semestre 2025, avance anual 2025 y acumulado hasta cierre 2025	Anexo V	22	Validación Matrícula	Cantidad de unidades aprobadas total no puede ser mayor a las unidades cursadas.	VALIDACION_EXPLICITA	TXT_OFICIAL_OBSERVADO	Instructivo_Avance Curricular SIES - 2026.txt	Implementar como validación de control antes de PES.	Registrar errores por fila/campo sin corregir automáticamente.	ALTA	EXTRAIDA_TXT	NO_APLICA
AC2026-MAT-VAL-06	Avance Curricular SIES 2026	Matrícula Avance Curricular 2026	2026	2025	Año académico 2025: primer semestre 2025, segundo semestre 2025, avance anual 2025 y acumulado hasta cierre 2025	Anexo V	22	Validación Matrícula	Cantidad de unidades aprobadas en 2025 no puede ser mayor a las unidades cursadas.	VALIDACION_EXPLICITA	TXT_OFICIAL_OBSERVADO	Instructivo_Avance Curricular SIES - 2026.txt	Implementar como validación de control antes de PES.	Registrar errores por fila/campo sin corregir automáticamente.	ALTA	EXTRAIDA_TXT	NO_APLICA
AC2026-MAT-VAL-07	Avance Curricular SIES 2026	Matrícula Avance Curricular 2026	2026	2025	Año académico 2025: primer semestre 2025, segundo semestre 2025, avance anual 2025 y acumulado hasta cierre 2025	Anexo V	22	Validación Matrícula	Combinación CODIGO_UNICO + PLAN_ESTUDIOS ingresado no existe en la carga de carreras.	VALIDACION_EXPLICITA	TXT_OFICIAL_OBSERVADO	Instructivo_Avance Curricular SIES - 2026.txt	Implementar como validación de control antes de PES.	Registrar errores por fila/campo sin corregir automáticamente.	ALTA	EXTRAIDA_TXT	NO_APLICA
AC2026-MAT-VAL-08	Avance Curricular SIES 2026	Matrícula Avance Curricular 2026	2026	2025	Año académico 2025: primer semestre 2025, segundo semestre 2025, avance anual 2025 y acumulado hasta cierre 2025	Anexo V	22	Validación Matrícula	Si campos CURSO_1ER_SEM y CURSO_2DO_SEM se informan como NO, UNIDADES_CURSADAS debe ser 0.	VALIDACION_EXPLICITA	TXT_OFICIAL_OBSERVADO	Instructivo_Avance Curricular SIES - 2026.txt	Implementar como validación de control antes de PES.	Registrar errores por fila/campo sin corregir automáticamente.	ALTA	EXTRAIDA_TXT	NO_APLICA
AC2026-MAT-VAL-09	Avance Curricular SIES 2026	Matrícula Avance Curricular 2026	2026	2025	Año académico 2025: primer semestre 2025, segundo semestre 2025, avance anual 2025 y acumulado hasta cierre 2025	Anexo V	22	Validación Matrícula	Los valores permitidos para VIGENCIA son 0 y 1.	VALIDACION_EXPLICITA	TXT_OFICIAL_OBSERVADO	Instructivo_Avance Curricular SIES - 2026.txt	Implementar como validación de control antes de PES.	Registrar errores por fila/campo sin corregir automáticamente.	ALTA	EXTRAIDA_TXT	NO_APLICA
AC2026-AMB-001	Avance Curricular SIES 2026	Proceso	2026	2025	Año académico 2025: primer semestre 2025, segundo semestre 2025, avance anual 2025 y acumulado hasta cierre 2025	Anexo III	17	Año nombrado en texto de combinación	El texto de Anexo III menciona combinaciones para carga Carreras Avance Curricular 2025 y Matrícula Avance Curricular Matrícula 2025, dentro de un proceso e IDs 2026.	AMBIGUEDAD	TXT_OFICIAL_OBSERVADO	Instructivo_Avance Curricular SIES - 2026.txt	No cambiar año del proceso; conservar evidencia textual.	Documentar como ambigüedad de redacción no resuelta por código.	MEDIA	PENDIENTE	Debe revisarse si la plataforma muestra nomenclatura distinta; no bloquea la fase 00-03.
AC2026-VAC-001	Avance Curricular SIES 2026	Carreras Avance Curricular 2026	2026	2025	Año académico 2025: primer semestre 2025, segundo semestre 2025, avance anual 2025 y acumulado hasta cierre 2025	Anexo I	8-10	Total y distribución de unidades	El instructivo exige tipo, total y distribución de unidades, pero la fuente institucional definitiva no se identifica en el instructivo.	VACIO_OPERATIVO	TXT_OFICIAL_OBSERVADO	Instructivo_Avance Curricular SIES - 2026.txt	Requerir catálogo/mallas/planes institucionales.	Bloquear salida PES si falta fuente institucional.	ALTA	PENDIENTE	NO_APLICA
