ID_PASO	ORDEN	PROCESO_ORIGEN	SUBPROCESO_ORIGEN	ARCHIVO_ORIGEN	HOJA_ORIGEN	GRANULARIDAD_ORIGEN	COLUMNAS_ORIGEN	PROCESO_DESTINO	ARCHIVO_DESTINO	GRANULARIDAD_DESTINO	COLUMNAS_DESTINO	LLAVE_PRINCIPAL	LLAVE_ALTERNATIVA	TIPO_CRUCE	CARDINALIDAD_ESPERADA	TRANSFORMACION	SCRIPT	FUNCION	LINEA_O_REFERENCIA	EVIDENCIA	RESULTADO	CONFLICTOS	PENDIENTES	NIVEL_RESPALDO	ESTADO
RF-001	1	Matricula Unificada 2026	Fuente institucional base	input/PROMEDIOSDEALUMNOS_7804.xlsx	DatosAlumnos	PERSONA_CARRERA	CODCLI|RUT|CODCARPR|ANOMATRICULA|PERIODOMATRICULA|ANOINGRESO|PERIODOINGRESO|ESTADOACADEMICO|SITUACION|MATRICULA|NACIONALIDAD	Estudiantes Extranjeros 2026	estudiantes_extranjeros_2026/data/interim/BASE_MAESTRA_EXTRANJEROS_REGULARES_2025.csv	PERSONA_CARRERA	CODCLI|campos oficiales trazados|estado/situacion de control	CODCLI	RUT normalizado	lectura_filtrado	1 CODCLI esperado; RUT puede repetir por carrera	Filtra ANOMATRICULA=2025 y nacionalidad no chilena; construye universo preliminar sin PES.	estudiantes_extranjeros_2026/scripts/generar_base_maestra_fase2 2.py	read_inputs|classify_candidates	220-242;345-353	Reporte Fase 2 lineas 5-18 y 41-62; script lineas 220-242,345-353	Base maestra inicial de 30 registros documentada.	DatosAlumnos contiene duplicados por CODCLI y RUT repetido por carreras; no se resuelve por first/last para Avance.	Residencia, pais origen y otros campos propios de Extranjeros quedaron pendientes.	ALTO	ENCONTRADO_USADO
RF-002	2	Matricula Unificada 2026	Tabla auxiliar de equivalencia	input/PROMEDIOSDEALUMNOS_7804.xlsx	base_datos	PERSONA	RUT|DV|CODCLI	Estudiantes Extranjeros 2026	estudiantes_extranjeros_2026/resultados/auditorias/AUDITORIA_CRUCES_BASE_MAESTRA.csv	AUDITORIA_LLAVE	METODO|CLAVE_UTILIZADA|CANTIDAD_COINCIDENCIAS	RUN/DV	CODCLI	lookup_parcial	PERSONA a CODCLI; cobertura parcial	Registra equivalencia RUN/DV -> CODCLI como apoyo; no reemplaza documento oficial.	estudiantes_extranjeros_2026/scripts/generar_base_maestra_fase2 2.py	build_cross_audit	690-703	AUDITORIA_CRUCES_BASE_MAESTRA.csv: metodo CODCLI_MEDIANTE_TABLA_MAESTRA	Equivalencia documentada como parcial.	Cobertura menor que universo completo; RUT/DV sigue siendo dato personal.	Validar cobertura antes de congelar o reutilizar.	MEDIO	ENCONTRADO_USADO
RF-003	3	Matricula Unificada 2026	Salida auditada MU	resultados/archivo_listo_para_sies.xlsx	ARCHIVO_LISTO_SUBIDA	PERSONA_CARRERA_DIAGNOSTICO	CODCLI|N_DOC|DV|PAIS_EST_SEC|CODIGO_CARRERA_SIES_FINAL|ANIO_ING_ORI|SEM_ING_ORI|DA_ANOMATRICULA|INCLUIR_EN_MATRICULA_32	Estudiantes Extranjeros 2026	estudiantes_extranjeros_2026/data/interim/BASE_MAESTRA_EXTRANJEROS_REGULARES_2025.csv	PERSONA_CARRERA	CODIGO_UNICO|PAIS_ESTUDIOS_SECUNDARIOS|ANIO/SEM_ORIGEN	CODCLI	NUM_DOCUMENTO+DV	merge_filtrado	1 fila por CODCLI tras filtro y deduplicacion	Lee filas con DA_ANOMATRICULA=2025, nacionalidad distinta de Chile e INCLUIR_EN_MATRICULA_32=SI; deduplica por CODCLI para lookup.	estudiantes_extranjeros_2026/scripts/generar_base_maestra_fase2 2.py	read_archivo_listo	260-298	Script lineas 260-298; Reporte Fase 2 lineas 54-59	Normalizacion MU reutilizada para algunos campos Extranjeros.	La deduplicacion por CODCLI existe en el flujo historico; para Avance no basta sin analisis de ambiguedad.	Casos sin fila normalizada quedaron pendientes.	ALTO	ENCONTRADO_USADO
RF-004	4	Matricula Unificada 2026	Resolucion codigo SIES	resultados/archivo_listo_para_sies.xlsx; control/catalogos/PUENTE_SIES_COMPILADO.tsv	ARCHIVO_LISTO_SUBIDA; TSV	PERSONA_CARRERA / CARRERA_JORNADA	CODCLI|CODCARPR|JORNADA|CODIGO_CARRERA_SIES_FINAL|CODIGO_UNICO_FINAL|CODIGOS_SIES_POTENCIALES	Estudiantes Extranjeros 2026	estudiantes_extranjeros_2026/resultados/auditorias/RESOLUCION_CODIGO_UNICO.csv	PERSONA_CARRERA	CODIGO_UNICO|CODIGOS_CANDIDATOS	CODCLI	CODCARPR+JORNADA	cascada	1 codigo final o pendiente	Primero busca codigo final por CODCLI en salida MU auditada; si no existe, usa puente por CODCARPR+JORNADA; multiples candidatos quedan pendientes.	estudiantes_extranjeros_2026/scripts/generar_base_maestra_fase2 2.py	resolve_codigo	427-493	Script lineas 427-493; RESOLUCION_CODIGO_UNICO.csv con clasificaciones agregadas	27 de 30 codigos iniciales resueltos; 3 ambiguos segun reporte Fase 2.	Ambiguedad por multiples candidatos; no se escoge primera coincidencia.	Confirmacion institucional para ambiguos.	ALTO	ENCONTRADO_USADO
RF-005	5	Matricula Unificada 2026	Cruces de universo/resultados legacy	resultados/matricula_avance_curricular_2025_control.csv; input/PROMEDIOSDEALUMNOS_7804.xlsx	CSV; DatosAlumnos/Hoja1	PERSONA_CARRERA_2025	NUM_DOCUMENTO|DV|CODIGO_UNICO|PLAN_ESTUDIOS|CURSO_1ER_SEM|UNIDADES_CURSADAS|UNID_CURSADAS_TOTAL|RUT|CODCARPR|JORNADA|ANOMATRICULA	Estudiantes Extranjeros 2026	estudiantes_extranjeros_2026/resultados/auditorias/UNIVERSO_DEPURADO_EXTRANJEROS_REGULARES_2025.csv	UNIVERSO_DEPURADO	EVIDENCIA_MATRICULA_2025|TIPO_EVIDENCIA|CLASIFICACION_UNIVERSO	NUM_DOCUMENTO normalizado	RUT+CODCARPR	cruce_control_2025	Resultado historico a evidencia; no fuente normativa	Confirma extranjeros desde control Avance 2025 y DatosAlumnos; agrega casos solo con evidencia 2025.	estudiantes_extranjeros_2026/scripts/corregir_universo_extranjeros_2025 2.py	read_inputs|build_universe	310-353;416-520	Reporte Fase 4 lineas 7-29; script lineas 344-346,425-520	Universo depurado de 257 documentado.	Usa resultados legacy de Avance 2025; no reutilizable como norma para Avance 2026.	Pendientes documentales y de confirmacion.	MEDIO	LEGACY_USADO
RF-006	6	Estudiantes Extranjeros 2026	Conciliacion con precarga oficial	estudiantes_extranjeros_2026/Reporte Precarga del Proceso Extranjeros Regulares 2026.csv; BASE_MAESTRA_EXTRANJEROS_REGULARES_2025_CONCILIADA_PRECARGA.csv	CSV	UNIVERSO_PRECARGA_Y_LOCAL	TIPO_DOCUMENTO|NUM_DOCUMENTO|DV|CODIGO_UNICO|VIGENCIA|FILA_PRECARGA|FILA_MATRICULA_2025	Estudiantes Extranjeros 2026	estudiantes_extranjeros_2026/resultados/auditorias/CONCILIACION_PRECARGA_VS_MATRICULA_2025.csv	CONCILIACION	ESTADOS_CONCILIACION|CLASIFICACION_UNIVERSO	TIPO_DOCUMENTO+NUM_DOCUMENTO+DV	CODIGO_UNICO	conciliacion	Persona exacta y persona-carrera	Compara precarga oficial, base local 2025 y registros por persona/carrera.	Reporte documentado	REPORTE_CONCILIACION_PRECARGA 2.md	1-44	Reporte Conciliacion lineas 5-23	185 registros de precarga, 104 locales, 257 universo conciliado.	Conflictos de documento/carrera; no genera PES.	Resolver brechas antes de carga definitiva.	MEDIO	ENCONTRADO_USADO
RF-007	7	Estudiantes Extranjeros 2026	Gobernanza por columna	Multiples fuentes trazadas	Matriz fuentes 20 columnas	CAMPO_OFICIAL	VALOR_BASE|VALOR_PRECARGA|VALOR_MATRICULA|VALOR_DATOS_ALUMNOS|VALOR_OFERTA|VALOR_SELECCIONADO	Estudiantes Extranjeros 2026	MATRIZ_GOBERNANZA_EXTRANJEROS_2025_V2.csv y versiones posteriores	PERSONA_CAMPO	VALOR_SELECCIONADO|FUENTE|REGLA|CONFIANZA|PENDIENTE	FILA_BASE_CONGELADA	CODCLI	seleccion_por_columna	1 fila por registro y campo oficial	Reconciliacion de fuentes por campo, con estados, fuente seleccionada, confianza y pendientes.	estudiantes_extranjeros_2026/scripts/corregir_gobernanza_extranjeros_2025_v2 2.py	build_maps|select_column_value	490-540;785-857	Reporte V2 lineas 5-13,56-65,80-99	Matriz de gobernanza con 62 filas y 20 TSV por columna.	Reglas de residencia/nacionalidad/vigencia son propias de Extranjeros.	Pendientes reales visibles; no PES en esa fase.	ALTO	ENCONTRADO_USADO
RF-008	8	Matricula Unificada 2026	Integracion de codigo SIES a Extranjeros	resultados/archivo_listo_para_sies.xlsx; control/catalogos/PUENTE_SIES_COMPILADO.tsv; resultados/puentes/PUENTE_MU_EXTRANJEROS_CODIGOS_SIES_2026.tsv	ARCHIVO_LISTO_SUBIDA; TSV	PERSONA_CARRERA / PUENTE	CODCLI|CODCARPR|PLAN_DE_ESTUDIO|COD_SED|JOR|MODALIDAD|CODIGO_UNICO	Estudiantes Extranjeros 2026	MATRIZ_GOBERNANZA_EXTRANJEROS_2025_V6/V7/V8.csv	PERSONA_CARRERA	CODIGO_UNICO_PROPUESTO|ESTADO_GLOBAL_REGISTRO	CODCLI	CODCARPR+JORNADA+PLAN	puente_y_validacion	No duplicados en llave compuesta del puente	Busca candidatos en salida MU y puente; valida que no se complete cuando hay multiples candidatos; puente operativo sin duplicados.	estudiantes_extranjeros_2026/scripts/resolver_codigos_sies_v6 2.py; tests/test_integracion_mu_extranjeros 2.py	scan_xlsx_candidates|puente_candidates|decision_table|test_puente_sin_duplicados	159-340;8-15	Reporte V6 lineas 5-13 y 36-52; Reporte V7 lineas 5-13; tests lineas 8-15	V7 deja 1 pendiente institucional; V8 cierra caso puntual con evidencia.	Casos individuales no son regla general; V8 genero PES historico pero esta ejecucion no.	Documentar responsable institucional de resoluciones.	ALTO	ENCONTRADO_USADO
RF-009	9	Matricula Unificada 2026	Salida puente final	resultados/puentes/PUENTE_MU_EXTRANJEROS_CODIGOS_SIES_2026.tsv	NO_APLICA	PERSONA_CARRERA	ANIO_PROCESO|CODCLI|RUT|CODCARPR|PLAN_DE_ESTUDIO|CODIGO_UNICO|ESTADO_GOBERNANZA|ES_APTO_PARA_EXTRANJEROS	Estudiantes Extranjeros 2026	MATRIZ_GOBERNANZA_EXTRANJEROS_2025_V7/V8.csv	PERSONA_CARRERA	CODIGO_UNICO_PROPUESTO|APTO_PARA_FUTURA_CARGA	CODCLI+CODCARPR+PLAN_DE_ESTUDIO+COD_SED+JOR+MODALIDAD	CODCLI	puente_operativo	1 fila por llave compuesta	Inventario local: 4117 filas; 0 duplicados por llave compuesta; 2 codigos vacios en V1 y 1 en V2.	metadata local; tests/test_integracion_mu_extranjeros 2.py	test_puente_sin_duplicados_si_existe	8-15;49-60	Reporte V7 declara fuente oficial operativa; tests validan duplicados.	Puente operativo documentado para integracion MU-Extranjeros.	Puente contiene RUT; no apto para publicar con datos personales sin resguardo.	Validar si el puente debe congelarse como fuente o solo contraste.	ALTO	ENCONTRADO_USADO
