CAMPO_DESTINO	VALOR_DESTINO	FUENTE_ORIGEN	HOJA	COLUMNA_ORIGEN	LLAVE	METODO	SCRIPT	REGLA	NIVEL_CONFIANZA	REQUIERE_REVISION	EVIDENCIA
TIPO_DOCUMENTO	estructura sin valor personal	DatosAlumnos	DatosAlumnos	RUT	CODCLI; RUT	Transformacion a tipo documento del proceso Extranjeros	generar_base_maestra_fase2 2.py:554	RUN presente se informa como R; IPE no permitido en ese proceso	MEDIA	SI - no reutilizar regla Extranjeros	Reporte Fase 2 lineas 43-45
NUM_DOCUMENTO	estructura sin valor personal	DatosAlumnos	DatosAlumnos	RUT	CODCLI; RUT	Separar cuerpo de RUN	generar_base_maestra_fase2 2.py:555	Eliminar puntuacion y separar DV; CODCLI no reemplaza documento	ALTA	SI - dato personal no documentar valores	Reporte Fase 2 lineas 43-45
DV	estructura sin valor personal	DatosAlumnos	DatosAlumnos	RUT	CODCLI; RUT	Separar digito verificador	generar_base_maestra_fase2 2.py:556	Separar DV desde RUN	ALTA	SI - dato personal no documentar valores	Reporte Fase 2 lineas 43-45
PRIMER_APELLIDO	estructura sin valor personal	DatosAlumnos	DatosAlumnos	APELLIDO PATERNO	CODCLI	Normalizacion textual	generar_base_maestra_fase2 2.py:557	Mayusculas, sin acentos, trim y espacios simples	MEDIA	SI - dato personal no reutilizable para Avance salvo fuente validada	Reporte Fase 2 lineas 46-50
SEGUNDO_APELLIDO	estructura sin valor personal	DatosAlumnos	DatosAlumnos	APELLIDO MATERNO	CODCLI	Normalizacion textual	generar_base_maestra_fase2 2.py:558	Mayusculas, sin acentos, trim y espacios simples	MEDIA	SI - dato personal no reutilizable para Avance salvo fuente validada	Reporte Fase 2 lineas 46-50
NOMBRES	estructura sin valor personal	DatosAlumnos	DatosAlumnos	NOMBRES	CODCLI	Normalizacion textual	generar_base_maestra_fase2 2.py:559	Mayusculas, sin acentos, trim y espacios simples	MEDIA	SI - dato personal no documentar valores	Reporte Fase 2 lineas 46-50
SEXO	estructura sin valor personal	DatosAlumnos	DatosAlumnos	SEXO	CODCLI	Mapeo a catalogo Extranjeros	generar_base_maestra_fase2 2.py:560-562	Mapeo propio a catalogo SIES Extranjeros	MEDIA	SI - validar contra Avance si se usara	Reporte Fase 2 lineas 49-50
FECHA_NACIMIENTO	estructura sin valor personal	DatosAlumnos	DatosAlumnos	FECHANACIMIENTO	CODCLI	Normalizacion fecha	generar_base_maestra_fase2 2.py:563	Normalizar fecha a DD-MM-AAAA	MEDIA	SI - dato personal no documentar valores	Reporte Fase 2 lineas 49-50
NACIONALIDAD	estructura/codigo sin valor personal	DatosAlumnos + gobernanza_nac.tsv	DatosAlumnos	NACIONALIDAD	CODCLI	Mapeo gobernado	generar_base_maestra_fase2 2.py:565-566	Codigo 1..197 distinto de Chile, regla Extranjeros	MEDIA	SI - regla no aplica a Avance	Reporte Fase 2 linea 51
PAIS_ESTUDIOS_SECUNDARIOS	estructura/codigo sin valor personal	archivo_listo_para_sies.xlsx	ARCHIVO_LISTO_SUBIDA	PAIS_EST_SEC	CODCLI	Reutilizar normalizacion MU en fila OK 2025	generar_base_maestra_fase2 2.py:571-576	Si no existe, DatosAlumnos queda solo como antecedente; no inferir pais desde comuna/ciudad	MEDIA	SI	Reporte Fase 2 linea 54
CODIGO_UNICO	estructura/codigo programa	archivo_listo_para_sies.xlsx; PUENTE_SIES_COMPILADO.tsv	ARCHIVO_LISTO_SUBIDA; TSV	CODIGO_CARRERA_SIES_FINAL; CODIGO_UNICO_FINAL; CODIGOS_SIES_POTENCIALES	CODCLI; CODCARPR+JORNADA	Cascada: CODCLI en salida MU auditada; luego puente estructural; ambiguos pendientes	generar_base_maestra_fase2 2.py:427-493	No usar CODCARPR/CODIGOCARRERA como valor final; no escoger primera coincidencia	ALTA	SI - casos ambiguos requieren validacion	Reporte Fase 2 lineas 19-25 y 55; Reporte V6 lineas 36-52
ANIO_INGRESO_CARRERA_ACTUAL	estructura sin valor personal	DatosAlumnos	DatosAlumnos	ANOINGRESO	CODCLI	Copia directa validada por proceso Extranjeros	generar_base_maestra_fase2 2.py:586	Validar rango antes de carga	MEDIA	SI - validar para Avance	Reporte Fase 2 linea 56
SEM_INGRESO_CARRERA_ACTUAL	estructura sin valor personal	DatosAlumnos	DatosAlumnos	PERIODOINGRESO	CODCLI	Copia directa validada por proceso Extranjeros	generar_base_maestra_fase2 2.py:587	Validar 1/2	MEDIA	SI - validar para Avance	Reporte Fase 2 linea 57
ANIO_INGRESO_CARRERA_ORIGEN	estructura sin valor personal	archivo_listo_para_sies.xlsx	ARCHIVO_LISTO_SUBIDA	ANIO_ING_ORI	CODCLI	Reutilizar motor MU normalizado cuando existe	generar_base_maestra_fase2 2.py:589-594	No copiar ano actual sin regla trazada	MEDIA	SI	Reporte Fase 2 linea 58
SEM_INGRESO_CARRERA_ORIGEN	estructura sin valor personal	archivo_listo_para_sies.xlsx	ARCHIVO_LISTO_SUBIDA	SEM_ING_ORI	CODCLI	Reutilizar motor MU normalizado cuando existe	generar_base_maestra_fase2 2.py:589-594	No copiar semestre actual sin regla trazada	MEDIA	SI	Reporte Fase 2 linea 59
VIGENCIA	estructura sin valor personal	DatosAlumnos	DatosAlumnos	ANOMATRICULA/PERIODOMATRICULA/FECHAMATRICULA/ESTADOACADEMICO/MATRICULA	CODCLI	Evidencia 2025 para Extranjeros	generar_base_maestra_fase2 2.py:599-603	Mantener solo con evidencia de matricula 2025; no usar vigencia 2026	BAJA	SI - regla no reutilizable para Avance	Reporte Fase 2 lineas 27-33 y 62; V2 lineas 94-95
ESTADO_ACADEMICO_CONTROL	estructura sin valor personal	DatosAlumnos	DatosAlumnos	ESTADOACADEMICO	CODCLI	Copiado como control interno, no campo oficial Extranjeros	generar_base_maestra_fase2 2.py:549; corregir_universo_extranjeros_2025 2.py:469	Antecedente academico; no norma Avance	BAJA	SI	Evidencia en scripts; no incluir valores
SITUACION_CONTROL	estructura sin valor personal	DatosAlumnos	DatosAlumnos	SITUACION	CODCLI	Copiado como control interno, no campo oficial Extranjeros	generar_base_maestra_fase2 2.py:550; corregir_universo_extranjeros_2025 2.py:470	Antecedente academico; no norma Avance	BAJA	SI	Evidencia en scripts; no incluir valores
PLAN_DE_ESTUDIO_CONTROL	estructura/codigo plan	archivo_listo_para_sies.xlsx; Hoja1	ARCHIVO_LISTO_SUBIDA; Hoja1	PLAN_DE_ESTUDIO	CODCLI; CODCARR	Usado como evidencia de plan/codigo en resolucion	generar_base_maestra_fase2 2.py:260-298; cerrar_icre068_extranjeros_v8 2.py:195-237	Plan se usa como antecedente, no como regla universal	MEDIA	SI	Reporte cierre V8 lineas 5-17 sin valores personales
