TIPO_INFRAESTRUCTURA;NOMBRE_IDENTIFICACION;COMUNA;DIRECCION_INMUEBLE;SITUACION_TENENCIA;ANIO_INICIO_USO_INMUEBLE;USO_EXCLUSIVO;PORCENTAJE_USO;NOMBRE_INSTITUCION_COMPARTE;FECHA_INICIO_TENENCIA;FECHA_TERMINO;DESCRIPCION_OTRA_TENENCIA;FUNCION_DOCENCIA;FUNCION_INVESTIGACION;FUNCION_EXTENSION;FUNCION_ADM_OFICINAS;FUNCION_OTRAS;DESC_OTRAS_FUNCIONES;TOTAL_M2_TERRENO;TOTAL_M2_EDIFICADOS;TOTAL_SALAS_CLASES;CAPACIDAD_SALAS_CLASES;TOTAL_M2_SALAS_CLASES;TOTAL_AUDITORIOS;CAPACIDAD_AUDITORIOS;TOTAL_M2_AUDITORIOS;TOTAL_LABORATORIOS;TOTAL_M2_LABORATORIOS;TOTAL_TALLERES;TOTAL_M2_TALLERES;TOTAL_PC_NB_DISPONIBLE;TOTAL_M2_CASINOS_CAFETERIAS;TOTAL_M2_AREAS_VERDES;UR_DESC_ACTIVIDADES;UR_TOTAL_M2_TERRENO;UR_TOTAL_M2_CONSTRUIDOS;UR_SITUACION_TENENCIA;UR_DESC_TENENCIA_OTRA;TOTAL_M2_BIBLIOTECA;TOTAL_M2_SALAS_LECTURA;TOTAL_PROFESIONALES_BIBLIOTECA;HORAS_PERSONAL_BIBLIOTECA;TOTAL_TITULOS_DISPONIBLES;TOTAL_VOLUMENES_DISPONIBLES;TOTAL_SUSCRIPCIONES_REVISTAS;TOTAL_TITULOS_LIBROS_DIGITALES;TOTAL_SUSCRIPCIONES_DIGITALES;TOTAL_BASE_DATOS;TOTAL_HECTAREAS_PREDIO;SISTEMA_GESTION_APRENDIZAJES;SISTEMA_VIDEO_CONFERENCIA;SISTEMA_APLICACION_EVALUACION;DESCRIPCION_PLATAFORMA_VIRTUAL;VIGENCIA
1;INSTITUTO PROFESIONAL SAN SEBASTIAN;SANTIAGO;AVENIDA LIBERTADOR BERNARDO OHIGGINS 2221;2;2014;1;;;2025-01;2026-12;;X;;X;X;;;789;1362;5;141;168.2;1;85;72.1;0;0;9;292.1;252;34.3;440.9;;;;;;;;;;;;;;;;;;;;;0
3;INSTITUTO PROFESIONAL SAN SEBASTIAN;SANTIAGO;AVENIDA LIBERTADOR BERNARDO OHIGGINS 2221;;;;;;;;;;;;;;;;;;;;;;;;;;;;;;;;;;;80;54.3;1;44;705;705;0;;;;;;;;;0
4;INSTITUTO PROFESIONAL SAN SEBASTIAN;SANTIAGO;AVENIDA LIBERTADOR BERNARDO OHIGGINS 2221;;;;;;;;;;;;;;;;;;;;;;;;;;;;;;;;;;;;;;;;;;63755;1;0;;;;;;0
6;INSTITUTO PROFESIONAL SAN SEBASTIAN;SANTIAGO;AVENIDA LIBERTADOR BERNARDO OHIGGINS 2221;;;;;;;;;;;;;;;;;;;;;;;;;;;;;;;;;;;;;;;;;;;;;;MOODLE 4.4.4;MICROSOFT TEAMS;NO APLICA;EL ENTORNO VIRTUAL DE APRENDIZAJE (EVA), QUE SE INICIO EN 2017 POR LA VICERRECTORIA ACADEMICA, HA EXPERIMENTADO UNA GRAN TRANSFORMACION DESDE SU CREACION EN 2020. EL USO DE EVA HA MEJORADO LA PARTICIPACION Y LA INTERACTIVIDAD DE LOS ESTUDIANTES, HA FACILITADO EL ACCESO A RECURSOS EDUCATIVOS Y HA PERMITIDO UNA EVALUACION CONTINUA. ADEMAS, SU INTEGRACION CON LOS SISTEMAS ACADEMICOS HA MEJORADO LA GESTION. ESTOS ELEMENTOS FORTALECEN NUESTRO COMPROMISO CON LA EXCELENCIA Y LA INNOVACION EN LA EDUCACION;0
2;UNIVERSIDAD SAN SEBASTIAN CAMPUS LOS LEONES;PROVIDENCIA;LOTA 2465;;;;;;;;;;;;;;;;;;;;;;;;;;;;;;USO DE LABORATORIOS DE ANATOMIA CIENCIAS BASICAS Y SIMULACION CLINICA PARA ACTIVIDADES PRACTICAS CURRICULARES DE CARRERAS DE SALUD DEL IP SAN SEBASTIAN;2048.4;2048.4;2;CONVENIO INSTITUCIONAL;;;;;;;;;;;;;;;;1
1;INSTITUTO PROFESIONAL SAN SEBASTIAN;PROVIDENCIA;MIGUEL CLARO 337;2;2026;1;;;2026-01;2027-12;;X;;X;X;;;1748;1952;6;170;162.1;1;120;181.3;0;0;9;449.8;319;59;77.9;;;;;;;;;;;;;;;;;;;;;1
3;INSTITUTO PROFESIONAL SAN SEBASTIAN;PROVIDENCIA;MIGUEL CLARO 337;;;;;;;;;;;;;;;;;;;;;;;;;;;;;;;;;;;150;90;1;42;705;705;0;;;;;;;;;1
4;INSTITUTO PROFESIONAL SAN SEBASTIAN;PROVIDENCIA;MIGUEL CLARO 337;;;;;;;;;;;;;;;;;;;;;;;;;;;;;;;;;;;;;;;;;;65090;1;0;;;;;;1
6;INSTITUTO PROFESIONAL SAN SEBASTIAN;PROVIDENCIA;MIGUEL CLARO 337;;;;;;;;;;;;;;;;;;;;;;;;;;;;;;;;;;;;;;;;;;;;;;MOODLE 4.4.4;MICROSOFT TEAMS;NO APLICA;EL ENTORNO VIRTUAL DE APRENDIZAJE (EVA), QUE SE INICIO EN 2017 POR LA VICERRECTORIA ACADEMICA, HA EXPERIMENTADO UNA GRAN TRANSFORMACION DESDE SU CREACION EN 2020. EL USO DE EVA HA MEJORADO LA PARTICIPACION Y LA INTERACTIVIDAD DE LOS ESTUDIANTES, HA FACILITADO EL ACCESO A RECURSOS EDUCATIVOS Y HA PERMITIDO UNA EVALUACION CONTINUA. ADEMAS, SU INTEGRACION CON LOS SISTEMAS ACADEMICOS HA MEJORADO LA GESTION. ESTOS ELEMENTOS FORTALECEN NUESTRO COMPROMISO CON LA EXCELENCIA Y LA INNOVACION EN LA EDUCACION;1
